R,G,B,Label
406,360,406,None
449,54,449,None
482,148,482,None
469,10,469,None
456,174,456,None
423,335,423,None
484,62,484,None
476,129,479,None
448,56,449,None
446,172,446,None
403,103,403,None
472,80,472,None
473,141,473,None
476,297,476,None
436,145,437,None
462,181,462,None
487,136,488,None
444,193,444,None
497,270,497,None
455,13,455,None
488,94,488,None
485,100,486,None
431,163,432,None
477,212,477,None
475,125,475,None
460,33,460,None
435,173,435,None
464,106,464,None
400,146,400,None
413,106,413,None
479,143,479,None
488,155,488,None
441,21,442,None
404,123,404,None
472,191,472,None
487,204,489,None
492,216,492,None
457,52,457,None
433,201,433,None
413,335,413,None
423,292,423,None
407,224,407,None
453,164,453,None
451,289,451,None
419,51,419,None
455,38,455,None
482,11,484,None
425,155,425,None
432,45,433,None
460,4,460,None
408,133,409,None
429,232,429,None
431,76,431,None
483,144,483,None
470,56,470,None
411,152,411,None
427,58,427,None
416,9,416,None
480,211,481,None
407,5,407,None
482,149,482,None
422,145,422,None
434,124,434,None
496,15,496,None
477,54,477,None
484,72,485,None
431,45,432,None
417,189,419,None
421,208,422,None
438,88,438,None
473,336,473,None
462,171,462,None
411,32,412,None
424,14,425,None
413,340,417,None
420,93,422,None
468,32,468,None
457,96,460,None
411,76,412,None
435,137,436,None
419,97,419,None
449,145,449,None
474,123,474,None
454,181,454,None
462,35,462,None
448,216,448,None
437,5,437,None
494,107,494,None
491,108,491,None
476,167,476,None
475,339,475,None
442,111,442,None
424,299,425,None
412,164,413,None
484,116,484,None
469,334,469,None
401,218,402,None
417,138,417,None
420,48,421,None
432,361,432,None
487,191,487,None
475,168,475,None
406,3,406,None
414,14,414,None
461,43,461,None
496,63,496,None
471,97,473,None
415,158,415,None
465,83,466,None
418,177,418,None
416,181,416,None
488,82,488,None
434,211,434,None
467,298,467,None
401,91,401,None
455,89,455,None
469,97,472,None
443,324,443,None
458,44,459,None
446,26,446,None
451,193,451,None
436,133,436,None
452,275,452,None
467,353,467,None
459,127,459,None
422,190,422,None
403,212,406,None
471,62,471,None
460,166,460,None
440,18,442,None
409,194,412,None
490,32,490,None
456,47,456,None
413,175,415,None
490,63,490,None
487,59,487,None
405,127,405,None
425,182,425,None
468,169,468,None
460,391,460,None
455,186,455,None
438,197,438,None
469,110,469,None
449,68,452,None
459,370,459,None
477,35,477,None
426,221,428,None
453,164,453,None
440,64,440,None
427,103,427,None
450,385,450,None
460,327,463,None
439,67,439,None
430,151,430,None
470,190,470,None
462,348,462,None
406,77,406,None
409,86,409,None
444,80,444,None
496,112,496,None
450,33,453,None
433,35,433,None
422,176,422,None
472,208,472,None
497,48,497,None
475,24,477,None
467,203,467,None
450,193,450,None
439,161,440,None
411,356,412,None
451,220,451,None
491,193,491,None
404,205,406,None
471,187,471,None
458,191,458,None
490,50,491,None
426,213,427,None
476,112,476,None
455,78,456,None
445,257,445,None
449,197,450,None
499,69,500,None
405,191,405,None
424,81,424,None
423,24,425,None
467,393,469,None
413,173,413,None
486,35,486,None
456,294,456,None
442,203,442,None
430,21,430,None
430,18,430,None
405,314,405,None
434,370,435,None
486,83,486,None
414,158,415,None
473,97,473,None
411,380,411,None
426,17,426,None
488,55,488,None
422,25,422,None
406,167,408,None
481,155,481,None
469,152,469,None
489,228,489,None
499,158,499,None
440,215,440,None
418,5,420,None
500,215,500,None
410,287,410,None
482,103,482,None
482,170,485,None
497,131,497,None
483,180,483,None
416,198,418,None
425,81,428,None
453,82,453,None
406,367,406,None
408,273,408,None
413,154,414,None
471,60,471,None
461,43,461,None
494,157,494,None
499,58,501,None
423,69,423,None
499,151,499,None
485,8,485,None
466,215,467,None
402,138,404,None
402,310,402,None
466,45,467,None
426,66,426,None
433,175,433,None
401,282,401,None
482,115,482,None
477,191,477,None
489,216,490,None
450,134,451,None
480,321,480,None
461,77,462,None
412,133,413,None
461,192,462,None
419,172,419,None
437,220,437,None
471,107,471,None
426,178,427,None
478,152,478,None
478,367,478,None
499,146,501,None
422,220,422,None
423,145,423,None
495,145,495,None
453,397,453,None
448,339,448,None
437,113,437,None
416,8,416,None
460,51,460,None
450,334,450,None
411,88,411,None
489,31,489,None
418,48,418,None
407,115,407,None
493,193,494,None
445,49,445,None
456,172,457,None
412,174,412,None
484,99,485,None
500,168,502,None
497,132,497,None
484,199,484,None
444,5,444,None
414,208,416,None
476,70,476,None
480,183,481,None
495,9,495,None
418,214,419,None
438,34,438,None
455,337,455,None
420,220,420,None
403,241,403,None
442,159,442,None
448,88,448,None
405,25,405,None
451,119,451,None
421,196,421,None
480,221,480,None
486,165,486,None
429,140,429,None
455,128,455,None
498,99,498,None
457,18,457,None
466,96,467,None
484,177,484,None
477,306,477,None
483,181,483,None
499,58,501,None
432,109,433,None
479,166,482,None
497,110,497,None
465,312,465,None
440,237,440,None
483,272,485,None
426,182,426,None
434,124,434,None
427,200,428,None
459,377,459,None
453,220,455,None
407,160,407,None
429,43,429,None
460,49,460,None
495,80,495,None
449,61,449,None
497,31,497,None
432,180,434,None
410,140,410,None
446,167,446,None
487,125,488,None
436,105,436,None
434,40,434,None
441,165,443,None
494,273,494,None
470,189,470,None
464,9,465,None
500,202,500,None
450,29,451,None
468,28,468,None
444,119,444,None
469,88,469,None
409,347,409,None
447,136,447,None
458,118,458,None
401,55,401,None
486,378,486,None
463,68,463,None
485,205,485,None
436,180,437,None
481,220,483,None
443,60,443,None
474,49,474,None
457,204,457,None
477,217,477,None
459,218,459,None
486,271,486,None
478,84,478,None
457,252,458,None
484,379,484,None
441,193,441,None
488,139,488,None
420,125,420,None
445,30,445,None
421,174,423,None
412,387,412,None
402,179,402,None
490,52,491,None
409,288,411,None
477,353,477,None
412,168,412,None
452,124,452,None
441,152,441,None
400,127,400,None
453,184,453,None
451,44,452,None
479,18,479,None
414,32,414,None
415,170,415,None
444,229,444,None
451,326,451,None
455,12,455,None
470,165,470,None
407,112,408,None
474,204,474,None
434,169,434,None
438,97,438,None
489,179,491,None
414,206,414,None
486,191,486,None
462,91,462,None
442,123,442,None
471,4,471,None
407,313,407,None
492,19,493,None
443,31,445,None
411,95,411,None
442,180,444,None
450,10,450,None
467,27,469,None
432,179,433,None
422,169,422,None
463,279,464,None
431,43,431,None
413,298,413,None
484,158,484,None
418,173,420,None
422,159,423,None
438,54,439,None
492,367,492,None
416,257,416,None
464,179,465,None
494,142,495,None
411,130,411,None
496,99,496,None
480,197,482,None
408,326,409,None
428,163,428,None
433,97,433,None
448,211,448,None
481,17,482,None
440,21,440,None
479,157,479,None
412,156,414,None
443,66,444,None
486,157,486,None
493,324,493,None
440,38,440,None
449,215,451,None
453,39,453,None
129,467,130,None
67,411,67,None
242,496,242,None
107,472,108,None
21,494,21,None
13,416,16,None
153,469,153,None
70,426,70,None
375,428,375,None
334,405,334,None
193,418,193,None
211,477,211,None
111,482,111,None
148,401,148,None
182,497,182,None
194,437,195,None
310,476,312,None
399,487,400,None
26,400,26,None
173,485,173,None
181,436,182,None
209,412,209,None
43,486,43,None
151,455,152,None
21,433,23,None
192,405,192,None
154,422,154,None
165,467,165,None
109,474,109,None
299,460,301,None
83,468,83,None
192,423,194,None
160,423,160,None
70,444,73,None
36,489,36,None
325,422,325,None
101,496,101,None
64,475,64,None
41,444,41,None
388,489,388,None
250,462,250,None
268,466,268,None
124,412,124,None
44,484,44,None
201,418,201,None
388,448,388,None
226,455,226,None
11,403,12,None
40,424,40,None
371,430,371,None
188,413,188,None
151,408,151,None
215,495,215,None
167,453,168,None
374,481,376,None
186,416,189,None
204,408,206,None
212,423,212,None
61,428,61,None
352,471,352,None
58,431,58,None
203,451,203,None
38,409,38,None
146,486,146,None
218,429,219,None
162,492,162,None
139,449,139,None
128,427,131,None
74,438,74,None
3,488,3,None
370,454,370,None
171,493,171,None
272,498,272,None
153,465,153,None
279,432,279,None
98,494,98,None
75,428,76,None
143,468,143,None
35,403,35,None
60,477,60,None
54,476,54,None
17,488,18,None
185,408,186,None
201,495,201,None
244,414,244,None
134,411,134,None
365,456,365,None
180,428,180,None
19,477,19,None
242,409,243,None
199,423,199,None
162,468,162,None
184,401,184,None
174,456,174,None
356,487,356,None
61,462,61,None
128,485,128,None
194,460,194,None
50,405,50,None
309,424,309,None
375,485,377,None
191,432,191,None
204,440,204,None
171,459,171,None
104,427,105,None
162,461,164,None
198,456,198,None
71,427,71,None
104,462,104,None
81,484,81,None
205,460,206,None
135,437,136,None
123,484,123,None
189,416,189,None
183,476,183,None
367,486,368,None
171,487,171,None
230,411,230,None
139,442,139,None
140,461,140,None
181,401,181,None
193,463,193,None
301,468,303,None
214,411,214,None
85,419,86,None
123,443,123,None
117,424,117,None
210,436,210,None
6,427,6,None
228,437,228,None
276,402,277,None
86,427,87,None
104,498,104,None
10,424,11,None
158,490,159,None
53,410,54,None
39,434,39,None
198,430,198,None
110,453,111,None
190,435,191,None
211,457,211,None
44,434,44,None
63,420,64,None
60,428,60,None
121,407,121,None
108,475,108,None
143,439,143,None
34,440,34,None
306,429,306,None
215,477,215,None
72,453,72,None
26,483,27,None
252,457,252,None
94,421,94,None
192,435,193,None
76,456,76,None
179,412,179,None
62,499,62,None
180,486,180,None
78,490,78,None
151,451,152,None
70,461,70,None
216,415,216,None
166,406,166,None
56,459,56,None
16,403,16,None
150,454,150,None
216,424,216,None
125,449,126,None
298,485,298,None
27,419,27,None
176,482,176,None
77,492,77,None
142,484,142,None
104,450,105,None
171,427,171,None
230,470,230,None
81,473,81,None
164,499,165,None
233,491,233,None
74,442,74,None
206,462,206,None
267,500,267,None
175,408,177,None
325,485,325,None
28,419,28,None
28,466,28,None
127,475,127,None
81,493,81,None
56,444,56,None
38,420,38,None
94,494,95,None
204,412,204,None
144,424,144,None
179,469,179,None
25,454,25,None
120,420,120,None
56,470,56,None
166,402,166,None
41,404,41,None
121,473,121,None
216,492,216,None
218,454,218,None
266,467,266,None
142,477,142,None
140,485,141,None
78,414,80,None
230,487,231,None
389,484,391,None
101,455,103,None
128,480,128,None
314,494,314,None
34,456,35,None
249,416,250,None
33,475,33,None
327,471,328,None
140,496,140,None
190,425,191,None
141,466,141,None
183,430,184,None
15,436,15,None
137,473,137,None
164,467,164,None
360,444,360,None
43,426,43,None
157,441,157,None
259,454,260,None
208,434,208,None
69,452,69,None
127,492,127,None
188,448,188,None
180,482,181,None
279,448,279,None
322,482,322,None
196,443,196,None
178,404,179,None
383,449,385,None
98,449,99,None
186,437,186,None
110,489,110,None
141,431,141,None
7,426,7,None
218,472,218,None
12,472,12,None
336,462,336,None
46,420,46,None
28,481,28,None
184,489,184,None
186,433,186,None
378,486,379,None
28,475,28,None
6,428,6,None
132,416,132,None
102,422,102,None
159,406,159,None
191,472,191,None
143,452,143,None
61,494,63,None
172,449,173,None
33,407,33,None
308,441,310,None
98,464,98,None
137,453,137,None
326,440,329,None
167,498,167,None
85,475,85,None
64,441,64,None
113,458,114,None
91,497,91,None
9,454,9,None
10,463,10,None
78,445,78,None
244,445,244,None
120,433,121,None
106,403,106,None
126,454,126,None
17,458,17,None
134,494,136,None
272,464,272,None
64,480,64,None
144,419,144,None
355,425,357,None
42,474,44,None
220,470,220,None
206,419,206,None
93,423,93,None
200,400,200,None
398,468,398,None
38,443,39,None
119,479,119,None
166,436,166,None
328,481,328,None
373,495,374,None
210,400,210,None
192,465,192,None
68,490,69,None
168,436,169,None
184,430,184,None
24,473,24,None
163,417,163,None
182,404,183,None
184,446,184,None
167,496,167,None
207,438,208,None
247,459,249,None
173,446,174,None
226,454,226,None
150,476,150,None
9,460,9,None
214,479,214,None
367,455,367,None
118,490,118,None
215,445,215,None
73,468,73,None
185,482,185,None
207,495,208,None
176,500,176,None
182,418,184,None
73,409,73,None
21,485,23,None
93,433,93,None
32,441,32,None
241,450,241,None
282,436,282,None
192,475,192,None
14,474,14,None
80,439,81,None
84,480,84,None
3,403,3,None
380,412,380,None
114,493,114,None
391,474,392,None
119,437,119,None
34,400,36,None
305,496,305,None
261,451,261,None
151,412,151,None
52,481,53,None
32,431,32,None
86,492,86,None
102,402,102,None
122,478,122,None
393,489,395,None
24,486,24,None
144,402,145,None
341,442,341,None
37,458,39,None
166,439,166,None
154,445,154,None
77,471,77,None
31,424,31,None
142,492,142,None
92,405,92,None
319,457,319,None
27,462,27,None
245,433,246,None
211,476,211,None
178,415,178,None
99,431,99,None
378,454,378,None
194,443,194,None
91,490,91,None
71,460,71,None
100,489,100,None
152,491,152,None
13,456,13,None
55,499,55,None
41,465,41,None
158,500,158,None
380,409,380,None
378,494,378,None
394,446,395,None
269,404,269,None
169,410,169,None
102,476,104,None
324,457,325,None
232,485,232,None
379,459,381,None
272,424,272,None
118,420,118,None
4,446,4,None
11,457,11,None
220,445,221,None
155,412,155,None
139,416,139,None
236,462,236,None
171,423,171,None
8,493,9,None
90,447,91,None
66,421,66,None
29,445,29,None
105,405,105,None
353,432,356,None
214,482,214,None
172,428,177,None
143,466,144,None
47,486,47,None
205,429,205,None
215,500,215,None
111,422,111,None
44,425,44,None
25,489,27,None
122,491,122,None
68,485,69,None
184,423,184,None
192,445,192,None
192,404,194,None
68,436,68,None
195,437,195,None
96,474,96,None
172,416,172,None
93,418,93,None
124,421,124,None
123,428,123,None
57,476,57,None
52,450,52,None
499,482,499,None
407,437,407,None
405,458,405,None
453,496,453,None
455,445,455,None
433,488,433,None
470,434,470,None
444,415,444,None
416,401,416,None
475,494,475,None
418,477,418,None
454,465,454,None
490,435,491,None
470,449,470,None
422,495,422,None
429,418,429,None
449,477,449,None
425,442,425,None
499,442,500,None
488,486,490,None
457,472,458,None
444,495,444,None
486,438,488,None
451,491,451,None
447,472,447,None
420,423,420,None
418,433,418,None
436,448,438,None
489,473,489,None
431,466,431,None
450,486,450,None
493,485,496,None
460,446,460,None
425,466,425,None
471,404,473,None
409,454,409,None
472,419,472,None
406,446,406,None
476,417,477,None
496,473,496,None
428,446,428,None
458,463,458,None
436,411,436,None
479,454,479,None
402,414,402,None
443,408,443,None
404,413,404,None
422,442,422,None
488,454,488,None
459,426,459,None
451,474,451,None
446,425,447,None
410,475,410,None
477,404,477,None
434,436,434,None
434,492,434,None
410,451,410,None
404,474,404,None
485,434,485,None
466,497,466,None
473,483,474,None
419,455,419,None
468,497,468,None
411,473,411,None
464,465,464,None
434,457,434,None
463,440,463,None
486,458,486,None
449,407,449,None
413,472,413,None
418,438,418,None
494,488,494,None
412,404,412,None
416,441,416,None
451,429,451,None
484,461,484,None
417,429,417,None
467,493,467,None
498,459,500,None
410,411,410,None
462,428,462,None
484,500,485,None
480,489,480,None
412,415,413,None
432,400,432,None
469,428,469,None
471,415,473,None
483,408,483,None
456,428,456,None
485,446,486,None
422,488,424,None
494,487,495,None
425,413,425,None
455,423,456,None
497,401,497,None
413,491,413,None
485,439,485,None
437,495,437,None
454,452,454,None
437,446,437,None
415,473,415,None
406,425,406,None
485,413,485,None
426,464,427,None
475,490,476,None
413,490,413,None
404,477,404,None
402,497,402,None
413,421,413,None
419,469,419,None
458,480,458,None
430,413,430,None
465,493,466,None
475,439,475,None
455,470,455,None
480,428,481,None
464,426,464,None
431,403,432,None
481,470,481,None
465,456,468,None
421,403,421,None
489,424,490,None
413,496,413,None
416,412,416,None
409,455,410,None
428,417,429,None
452,449,452,None
433,403,433,None
489,443,489,None
468,457,468,None
443,445,443,None
417,487,417,None
419,462,419,None
494,451,494,None
465,428,465,None
437,485,438,None
402,487,404,None
429,449,429,None
484,407,484,None
458,500,458,None
402,454,402,None
476,445,476,None
494,480,495,None
459,458,459,None
440,479,440,None
415,465,415,None
435,497,435,None
479,496,479,None
492,480,492,None
462,446,462,None
452,486,452,None
455,451,455,None
474,451,474,None
460,473,461,None
469,492,470,None
428,468,428,None
481,490,482,None
422,407,422,None
418,452,418,None
461,499,461,None
472,486,472,None
406,428,406,None
414,415,416,None
441,437,441,None
415,497,416,None
422,485,424,None
483,464,483,None
411,433,412,None
412,484,413,None
404,446,405,None
403,413,403,None
488,445,488,None
443,444,443,None
498,469,498,None
410,490,410,None
438,438,438,None
446,490,446,None
497,460,500,None
424,480,424,None
457,484,457,None
470,470,470,None
428,446,428,None
452,431,452,None
485,473,485,None
482,472,482,None
439,401,439,None
430,442,430,None
411,430,411,None
437,402,437,None
410,461,411,None
438,495,438,None
436,485,436,None
474,425,474,None
438,447,439,None
456,459,456,None
485,449,485,None
470,481,470,None
411,474,411,None
438,439,438,None
435,474,436,None
410,443,412,None
496,430,496,None
490,484,490,None
496,449,496,None
474,437,474,None
444,463,444,None
438,454,438,None
470,411,471,None
451,446,451,None
418,441,419,None
409,499,409,None
443,454,443,None
497,451,497,None
454,453,454,None
431,412,432,None
426,483,426,None
495,452,495,None
470,463,472,None
436,462,436,None
498,484,498,None
482,406,482,None
422,447,422,None
473,414,473,None
411,471,411,None
445,432,446,None
461,431,462,None
412,473,412,None
439,450,439,None
400,461,400,None
488,401,488,None
465,468,465,None
433,472,433,None
433,453,433,None
418,474,418,None
431,411,433,None
497,462,497,None
447,436,447,None
435,425,435,None
491,479,491,None
465,403,465,None
497,494,497,None
447,484,448,None
491,473,493,None
459,435,460,None
406,427,406,None
418,489,418,None
446,443,447,None
446,420,446,None
470,496,470,None
481,407,481,None
465,476,465,None
499,485,499,None
422,431,422,None
405,499,405,None
424,487,424,None
471,485,471,None
404,487,404,None
487,431,487,None
414,410,414,None
421,443,421,None
417,441,417,None
466,493,466,None
455,451,455,None
444,411,445,None
427,452,427,None
491,406,491,None
476,405,476,None
430,437,430,None
458,471,458,None
470,449,470,None
489,410,489,None
425,401,425,None
450,404,451,None
443,477,443,None
452,448,452,None
472,492,472,None
425,433,425,None
454,460,454,None
461,439,462,None
442,428,442,None
491,448,494,None
476,419,476,None
439,443,439,None
439,425,439,None
405,400,405,None
454,497,454,None
447,487,448,None
438,459,440,None
444,406,444,None
423,494,423,None
431,493,431,None
438,427,438,None
484,474,484,None
499,425,500,None
409,498,409,None
465,440,465,None
408,426,410,None
479,471,480,None
407,418,407,None
495,486,495,None
478,454,478,None
452,424,452,None
449,440,449,None
493,449,493,None
421,403,421,None
471,458,471,None
411,434,412,None
434,493,434,None
492,441,493,None
419,400,419,None
484,425,484,None
402,446,403,None
409,457,409,None
424,461,425,None
402,411,402,None
429,407,429,None
424,478,424,None
460,466,460,None
408,403,408,None
413,485,413,None
412,406,412,None
451,453,452,None
448,473,448,None
424,434,424,None
492,475,492,None
483,450,485,None
492,434,492,None
483,496,483,None
465,415,465,None
425,450,425,None
439,401,439,None
482,489,482,None
442,469,442,None
425,475,425,None
464,498,464,None
402,449,402,None
437,404,437,None
459,415,460,None
422,433,422,None
428,466,428,None
469,429,469,None
451,494,451,None
407,448,407,None
400,490,400,None
468,401,468,None
494,445,494,None
444,423,444,None
498,421,498,None
498,412,498,None
440,493,440,None
411,420,411,None
445,453,445,None
437,416,437,None
427,430,428,None
426,463,426,None
474,440,474,None
448,419,448,None
462,444,463,None
455,406,455,None
427,473,427,None
406,490,407,None
475,464,475,None
449,470,449,None
445,483,445,None
426,403,427,None
486,486,487,None
492,490,492,None
429,409,429,None
470,409,470,None
493,486,493,None
410,492,411,None
491,436,493,None
429,441,429,None
411,449,411,None
450,418,450,None
467,457,467,None
489,481,489,None
491,461,491,None
424,417,424,None
427,500,427,None
431,418,432,None
411,454,411,None
489,448,489,None
438,482,438,None
491,421,491,None
442,460,442,None
411,428,413,None
409,495,410,None
449,453,449,None
465,426,465,None
460,448,460,None
406,438,406,None
444,408,444,None
462,492,463,None
492,421,493,None
412,476,412,None
441,421,442,None
478,442,478,None
456,438,458,None
425,495,425,None
480,467,480,None
499,466,499,None
478,442,478,None
407,425,407,None
480,448,480,None
434,492,434,None
438,413,438,None
421,489,421,None
445,425,445,None
429,488,429,None
438,463,438,None
426,463,426,None
479,471,479,None
494,440,495,None
414,460,414,None
400,455,401,None
338,171,339,Red
84,35,85,Red
255,125,255,Red
368,156,369,Red
212,103,212,Red
182,94,182,Red
259,104,259,Red
180,72,180,Red
177,108,177,Red
252,133,252,Red
68,42,68,Red
192,113,195,Red
86,36,86,Red
282,150,283,Red
141,60,141,Red
156,89,156,Red
210,118,210,Red
107,60,107,Red
120,78,120,Red
161,72,161,Red
220,93,221,Red
165,86,165,Red
158,93,158,Red
314,134,316,Red
101,47,101,Red
72,29,72,Red
222,120,222,Red
212,100,213,Red
393,190,393,Red
83,44,83,Red
116,58,117,Red
129,75,129,Red
140,65,140,Red
177,92,177,Red
133,80,133,Red
211,90,211,Red
119,54,119,Red
166,106,166,Red
88,55,88,Red
206,104,206,Red
322,199,323,Red
262,155,262,Red
81,35,81,Red
319,206,319,Red
146,64,146,Red
159,84,160,Red
218,107,218,Red
239,132,239,Red
378,200,378,Red
271,141,271,Red
135,54,135,Red
144,66,146,Red
116,60,116,Red
87,36,87,Red
339,159,340,Red
133,76,133,Red
369,215,369,Red
168,69,169,Red
238,130,238,Red
294,151,294,Red
155,74,155,Red
99,62,99,Red
205,130,205,Red
198,100,200,Red
78,43,80,Red
192,96,193,Red
182,75,182,Red
128,65,128,Red
283,161,283,Red
308,193,308,Red
211,110,211,Red
383,246,383,Red
122,71,122,Red
71,30,71,Red
211,89,211,Red
112,47,112,Red
221,91,221,Red
218,118,218,Red
181,97,181,Red
57,26,57,Red
178,73,178,Red
80,46,81,Red
54,29,54,Red
378,165,378,Red
178,102,180,Red
188,81,191,Red
187,90,187,Red
172,72,172,Red
56,35,56,Red
165,79,165,Red
233,145,233,Red
290,176,290,Red
215,139,215,Red
149,72,150,Red
395,239,395,Red
306,166,307,Red
110,69,110,Red
81,33,83,Red
173,110,173,Red
118,66,118,Red
301,144,301,Red
160,100,160,Red
217,101,217,Red
165,99,165,Red
103,57,103,Red
234,99,234,Red
226,94,228,Red
153,84,153,Red
301,157,303,Red
59,29,59,Red
115,67,116,Red
172,78,172,Red
193,124,193,Red
140,59,140,Red
173,85,173,Red
398,184,398,Red
258,148,259,Red
359,146,359,Red
128,61,128,Red
56,27,56,Red
187,79,188,Red
105,49,105,Red
75,45,75,Red
241,98,241,Red
209,105,209,Red
198,82,198,Red
216,91,216,Red
88,40,88,Red
200,92,200,Red
264,114,266,Red
188,97,188,Red
214,119,214,Red
192,104,192,Red
57,36,57,Red
74,41,74,Red
144,84,144,Red
206,116,206,Red
378,243,378,Red
380,251,380,Red
108,66,109,Red
218,124,218,Red
115,48,115,Red
239,101,239,Red
207,87,207,Red
57,35,57,Red
375,244,376,Red
222,94,223,Red
255,146,255,Red
190,98,190,Red
168,100,168,Red
56,35,57,Red
398,219,398,Red
213,137,213,Red
197,97,198,Red
140,63,140,Red
169,96,169,Red
102,67,102,Red
193,92,193,Red
179,87,179,Red
295,171,295,Red
103,51,103,Red
120,60,120,Red
160,81,160,Red
53,23,53,Red
166,82,166,Red
160,97,160,Red
158,103,158,Red
356,149,357,Red
299,191,299,Red
184,107,184,Red
111,57,114,Red
331,188,331,Red
80,39,80,Red
203,83,203,Red
150,67,151,Red
53,29,53,Red
180,92,180,Red
75,32,75,Red
63,26,63,Red
294,172,294,Red
127,74,127,Red
331,144,331,Red
96,39,96,Red
66,28,66,Red
141,87,141,Red
74,40,74,Red
377,160,379,Red
105,43,105,Red
376,236,378,Red
357,169,357,Red
190,121,190,Red
119,78,119,Red
345,158,345,Red
207,110,207,Red
109,49,109,Red
307,127,308,Red
192,107,194,Red
58,28,58,Red
60,32,60,Red
216,99,216,Red
57,37,57,Red
332,179,332,Red
170,71,170,Red
341,148,343,Red
393,255,393,Red
103,47,103,Red
174,104,174,Red
79,46,79,Red
194,80,196,Red
150,63,150,Red
87,38,87,Red
172,81,174,Red
181,106,181,Red
65,34,68,Red
316,164,316,Red
162,93,162,Red
105,69,105,Red
254,121,254,Red
132,60,132,Red
198,82,200,Red
57,23,57,Red
218,89,218,Red
282,187,282,Red
258,125,258,Red
124,64,124,Red
166,76,166,Red
153,78,153,Red
67,29,67,Red
222,95,222,Red
165,71,166,Red
57,26,58,Red
169,107,171,Red
131,78,131,Red
207,113,207,Red
184,78,187,Red
111,45,112,Red
203,102,203,Red
147,67,149,Red
104,52,105,Red
140,69,140,Red
148,71,149,Red
199,100,199,Red
317,186,318,Red
151,99,151,Red
102,41,102,Red
162,67,164,Red
116,61,118,Red
276,144,276,Red
335,209,335,Red
203,126,204,Red
52,30,52,Red
372,228,372,Red
88,58,88,Red
142,74,142,Red
101,48,101,Red
150,73,150,Red
170,104,171,Red
209,97,210,Red
239,97,239,Red
176,110,176,Red
169,68,170,Red
184,93,185,Red
217,99,217,Red
61,26,61,Red
56,27,56,Red
150,92,150,Red
207,100,207,Red
194,101,194,Red
185,110,185,Red
109,52,109,Red
286,137,287,Red
144,79,147,Red
132,54,132,Red
344,186,345,Red
260,130,260,Red
150,71,150,Red
56,28,56,Red
169,70,169,Red
215,124,215,Red
107,69,107,Red
79,41,80,Red
63,27,63,Red
272,151,272,Red
130,54,130,Red
188,118,188,Red
143,83,143,Red
105,56,107,Red
155,76,155,Red
150,71,150,Red
170,71,170,Red
185,97,185,Red
215,123,215,Red
83,34,84,Red
107,62,107,Red
195,84,195,Red
99,54,99,Red
138,59,139,Red
215,118,215,Red
233,108,233,Red
206,91,206,Red
114,56,114,Red
259,126,259,Red
174,70,174,Red
164,83,165,Red
75,30,77,Red
275,175,275,Red
91,38,91,Red
207,85,207,Red
132,66,133,Red
210,102,210,Red
199,124,199,Red
254,135,254,Red
62,34,62,Red
334,215,334,Red
173,92,175,Red
220,122,220,Red
212,85,212,Red
52,26,52,Red
98,40,98,Red
83,46,83,Red
388,156,388,Red
205,121,205,Red
114,49,114,Red
201,88,201,Red
115,59,115,Red
258,150,258,Red
248,132,249,Red
109,48,109,Red
233,109,233,Red
179,83,179,Red
219,89,219,Red
275,142,275,Red
200,101,200,Red
135,61,135,Red
133,68,133,Red
82,38,82,Red
188,88,188,Red
360,153,360,Red
274,156,274,Red
190,78,190,Red
93,39,93,Red
143,72,143,Red
91,40,91,Red
116,69,117,Red
151,68,151,Red
202,83,204,Red
215,120,215,Red
131,56,131,Red
56,23,56,Red
203,85,203,Red
180,90,180,Red
270,113,270,Red
380,152,380,Red
148,90,148,Red
65,38,65,Red
232,105,233,Red
56,29,56,Red
283,159,284,Red
94,54,94,Red
180,118,180,Red
201,87,201,Red
215,87,215,Red
107,44,107,Red
210,87,210,Red
203,84,203,Red
85,38,85,Red
351,186,351,Red
194,100,194,Red
76,40,76,Red
168,89,168,Red
306,133,306,Red
145,81,146,Red
125,52,125,Red
215,89,215,Red
374,185,374,Red
73,45,73,Red
211,107,211,Red
396,175,396,Red
205,117,206,Red
54,23,54,Red
196,125,196,Red
102,57,102,Red
272,144,272,Red
148,69,148,Red
185,79,187,Red
234,122,234,Red
274,153,276,Red
97,59,97,Red
64,36,64,Red
248,152,249,Red
150,72,150,Red
74,32,74,Red
100,52,100,Red
206,125,206,Red
263,150,263,Red
178,82,178,Red
92,53,92,Red
227,147,228,Red
263,142,263,Red
220,109,220,Red
178,97,179,Red
161,82,161,Red
188,98,188,Red
190,87,190,Red
76,31,76,Red
219,98,219,Red
271,148,271,Red
146,76,146,Red
181,75,181,Red
191,112,192,Red
167,72,167,Red
178,77,178,Red
173,114,175,Red
210,127,210,Red
211,112,211,Red
208,90,212,Red
108,68,108,Red
198,110,198,Red
67,28,69,Red
170,75,170,Red
298,156,298,Red
333,186,335,Red
323,141,323,Red
246,147,246,Red
366,228,367,Red
131,61,131,Red
77,47,77,Red
359,188,359,Red
146,86,146,Red
165,76,166,Red
216,90,216,Red
184,98,185,Red
218,108,218,Red
150,99,151,Red
198,123,198,Red
193,108,193,Red
213,101,213,Red
247,111,248,Red
109,65,110,Red
53,35,53,Red
185,80,185,Red
137,59,137,Red
165,72,165,Red
68,36,68,Red
322,214,322,Red
208,98,208,Red
157,80,157,Red
217,132,217,Red
111,53,111,Red
393,162,393,Red
156,96,156,Red
86,40,88,Red
105,43,105,Red
150,72,150,Red
124,67,124,Red
160,67,160,Red
179,119,179,Red
186,75,186,Red
77,50,77,Red
382,160,382,Red
155,102,156,Red
111,50,111,Red
163,67,163,Red
202,117,203,Red
120,64,120,Red
268,161,268,Red
287,176,287,Red
128,66,128,Red
149,90,149,Red
338,141,339,Red
189,121,189,Red
89,46,89,Red
135,65,136,Red
253,149,253,Red
72,40,72,Red
348,176,350,Red
153,71,154,Red
353,206,353,Red
91,46,91,Red
131,71,134,Red
199,87,199,Red
71,31,73,Red
225,103,225,Red
178,92,179,Red
295,158,295,Red
213,105,213,Red
179,100,179,Red
144,79,145,Red
168,75,168,Red
180,87,180,Red
197,113,197,Red
189,96,189,Red
75,32,75,Red
204,98,204,Red
138,71,140,Red
92,55,93,Red
191,80,191,Red
130,66,130,Red
164,67,165,Red
362,150,362,Red
137,68,137,Red
177,76,177,Red
199,86,199,Red
104,43,104,Red
208,98,209,Red
166,105,166,Red
187,90,187,Red
153,72,153,Red
391,210,394,Red
111,63,112,Red
162,96,163,Red
142,83,142,Red
105,60,105,Red
150,67,150,Red
138,65,139,Red
104,50,107,Red
107,52,107,Red
249,113,249,Red
210,117,212,Red
201,95,201,Red
178,89,180,Red
233,114,234,Red
223,109,223,Red
151,85,151,Red
214,92,214,Red
175,92,175,Red
109,56,109,Red
390,251,390,Red
130,52,130,Red
90,39,90,Red
220,142,220,Red
366,163,366,Red
320,171,320,Red
134,59,134,Red
86,41,86,Red
144,67,144,Red
112,72,114,Red
153,62,154,Red
180,110,181,Red
75,40,75,Red
221,108,221,Red
217,89,217,Red
172,112,172,Red
125,64,125,Red
144,64,144,Red
174,97,174,Red
188,92,189,Red
106,58,106,Red
126,56,126,Red
172,93,172,Red
219,125,219,Red
56,35,56,Red
98,42,98,Red
305,135,305,Red
76,50,76,Red
169,87,169,Red
91,55,91,Red
211,103,211,Red
151,75,151,Red
307,127,307,Red
132,63,132,Red
236,153,236,Red
203,111,203,Red
180,109,180,Red
206,92,206,Red
189,102,189,Red
327,153,327,Red
209,104,209,Red
52,28,52,Red
276,135,278,Red
148,62,148,Red
219,92,219,Red
220,92,220,Red
198,117,198,Red
82,33,84,Red
163,67,163,Red
367,148,368,Red
143,76,145,Red
196,84,197,Red
206,125,206,Red
160,68,162,Red
57,32,57,Red
194,83,194,Red
356,186,356,Red
210,95,210,Red
55,34,55,Red
153,93,153,Red
233,103,235,Red
100,50,100,Red
111,45,111,Red
170,97,170,Red
169,72,169,Red
200,80,200,Red
65,38,66,Red
196,118,196,Red
80,40,80,Red
219,103,221,Red
169,109,169,Red
197,88,198,Red
279,139,279,Red
159,68,163,Red
219,112,219,Red
284,120,285,Red
230,145,230,Red
102,51,102,Red
260,164,261,Red
189,88,189,Red
250,106,250,Red
231,115,231,Red
159,69,159,Red
55,28,55,Red
149,62,149,Red
254,150,255,Red
159,64,159,Red
196,88,196,Red
220,141,220,Red
114,49,114,Red
201,124,202,Red
313,141,313,Red
100,47,102,Red
369,245,369,Red
98,51,98,Red
68,29,68,Red
213,91,215,Red
55,29,56,Red
166,78,169,Red
130,53,131,Red
108,60,111,Red
175,95,177,Red
188,93,188,Red
166,93,166,Red
163,67,163,Red
273,144,273,Red
141,58,141,Red
130,52,130,Red
230,110,230,Red
202,87,202,Red
285,177,286,Red
165,97,166,Red
333,204,333,Red
54,22,54,Red
357,181,357,Red
189,83,189,Red
392,177,392,Red
95,60,95,Red
265,125,265,Red
186,85,186,Red
378,196,378,Red
124,54,124,Red
348,185,348,Red
73,38,74,Red
134,67,135,Red
216,88,216,Red
210,94,211,Red
360,234,360,Red
132,59,132,Red
108,65,110,Red
119,61,119,Red
154,64,154,Red
56,36,57,Red
372,247,372,Red
292,166,293,Red
152,67,152,Red
211,91,211,Red
68,28,68,Red
79,46,79,Red
70,36,70,Red
221,117,221,Red
98,57,98,Red
207,120,207,Red
314,143,314,Red
148,69,148,Red
319,187,319,Red
98,61,98,Red
74,40,74,Red
216,104,216,Red
398,250,399,Red
67,27,68,Red
237,118,237,Red
347,225,348,Red
101,51,101,Red
372,179,372,Red
204,115,204,Red
155,85,155,Red
358,195,360,Red
275,159,275,Red
89,38,89,Red
54,26,54,Red
205,85,206,Red
205,114,205,Red
184,111,184,Red
358,170,360,Red
236,114,238,Red
138,71,138,Red
87,41,88,Red
286,147,286,Red
131,60,131,Red
73,46,73,Red
197,87,197,Red
173,87,173,Red
108,67,110,Red
64,33,67,Red
255,118,256,Red
199,129,200,Red
392,175,393,Red
153,77,156,Red
52,31,52,Red
259,111,259,Red
182,88,182,Red
192,109,193,Red
369,176,369,Red
150,64,150,Red
131,61,131,Red
152,68,152,Red
278,182,278,Red
97,44,97,Red
239,113,239,Red
133,55,134,Red
115,73,115,Red
162,100,164,Red
268,168,268,Red
352,191,352,Red
135,56,135,Red
60,33,60,Red
56,31,56,Red
77,35,77,Red
55,25,55,Red
165,90,165,Red
74,32,75,Red
310,128,310,Red
53,30,53,Red
198,98,198,Red
127,77,127,Red
102,49,102,Red
220,102,220,Red
185,90,185,Red
171,78,171,Red
73,40,73,Red
119,62,119,Red
143,61,143,Red
197,128,197,Red
243,147,244,Red
217,109,217,Red
190,97,190,Red
66,27,66,Red
112,50,113,Red
61,28,62,Red
290,189,291,Red
249,158,251,Red
189,108,189,Red
172,95,174,Red
196,80,196,Red
66,27,66,Red
103,46,103,Red
99,47,99,Red
219,95,221,Red
341,155,341,Red
116,55,116,Red
353,157,354,Red
210,98,211,Red
161,101,161,Red
79,51,81,Red
98,49,98,Red
103,65,103,Red
123,80,124,Red
196,119,196,Red
319,162,319,Red
132,54,132,Red
190,106,191,Red
122,56,122,Red
96,60,96,Red
145,58,147,Red
332,143,332,Red
268,143,269,Red
117,51,117,Red
85,44,85,Red
219,96,219,Red
134,65,135,Red
67,28,67,Red
79,40,79,Red
80,38,82,Red
203,83,203,Red
194,88,194,Red
283,133,283,Red
304,154,305,Red
57,26,57,Red
112,71,113,Red
166,83,166,Red
124,70,125,Red
166,68,166,Red
152,86,152,Red
163,74,163,Red
192,103,192,Red
355,153,355,Red
151,77,151,Red
373,153,374,Red
161,68,161,Red
137,80,137,Red
175,101,175,Red
344,173,344,Red
113,64,113,Red
96,63,96,Red
79,49,79,Red
124,57,124,Red
387,187,387,Red
152,80,152,Red
166,73,166,Red
53,27,54,Red
184,108,184,Red
223,104,224,Red
186,77,187,Red
238,116,238,Red
167,75,167,Red
287,130,288,Red
79,33,79,Red
144,59,145,Red
143,61,143,Red
371,157,371,Red
126,56,126,Red
185,84,185,Red
299,173,299,Red
61,34,61,Red
306,137,306,Red
122,50,122,Red
58,25,58,Red
100,66,100,Red
127,52,127,Red
333,166,333,Red
69,29,70,Red
62,27,63,Red
389,234,389,Red
289,116,289,Red
318,189,319,Red
202,105,202,Red
199,98,199,Red
66,28,66,Red
373,228,373,Red
398,177,398,Red
106,46,106,Red
270,160,270,Red
163,79,163,Red
176,77,177,Red
206,114,206,Red
170,97,171,Red
142,85,142,Red
157,81,160,Red
300,133,301,Red
70,37,70,Red
146,67,146,Red
269,110,269,Red
142,74,142,Red
235,122,235,Red
128,59,128,Red
337,184,337,Red
318,141,319,Red
207,95,207,Red
92,39,92,Red
207,105,207,Red
158,85,159,Red
187,97,187,Red
56,35,57,Red
160,90,160,Red
183,74,183,Red
197,98,199,Red
367,167,367,Red
85,40,85,Red
235,110,235,Red
174,76,174,Red
381,167,382,Red
103,46,103,Red
160,70,161,Red
304,134,304,Red
78,47,79,Red
108,51,108,Red
213,138,214,Red
182,94,182,Red
86,44,86,Red
216,111,216,Red
197,103,197,Red
137,59,137,Red
185,99,185,Red
205,92,205,Red
59,32,59,Red
142,83,143,Red
144,67,144,Red
152,63,152,Red
96,54,96,Red
192,86,192,Red
120,48,120,Red
163,87,163,Red
121,62,121,Red
53,31,53,Red
273,116,273,Red
228,93,228,Red
338,159,338,Red
317,154,317,Red
234,146,235,Red
367,169,367,Red
252,133,252,Red
365,160,365,Red
164,93,164,Red
61,31,62,Red
91,50,91,Red
116,62,117,Red
109,68,109,Red
136,55,136,Red
145,80,145,Red
110,47,110,Red
274,151,275,Red
142,63,142,Red
137,56,137,Red
281,174,281,Red
207,120,208,Red
338,164,338,Red
205,102,206,Red
159,92,160,Red
138,77,140,Red
318,173,319,Red
300,127,300,Red
86,43,86,Red
178,109,178,Red
276,169,277,Red
150,88,150,Red
273,127,274,Red
134,77,134,Red
201,108,201,Red
279,117,279,Red
164,71,164,Red
205,86,206,Red
160,80,161,Red
134,84,134,Red
63,36,63,Red
112,46,113,Red
122,51,122,Red
103,49,103,Red
99,54,99,Red
278,134,279,Red
262,153,262,Red
56,27,57,Red
203,121,203,Red
149,84,150,Red
56,26,56,Red
84,48,84,Red
176,83,176,Red
60,25,60,Red
89,53,89,Red
90,45,90,Red
110,54,110,Red
52,26,52,Red
78,41,79,Red
75,36,75,Red
393,173,394,Red
174,83,175,Red
180,117,182,Red
71,31,71,Red
104,43,104,Red
331,140,331,Red
253,114,253,Red
302,181,303,Red
120,67,120,Red
198,87,199,Red
129,57,130,Red
175,116,175,Red
388,160,390,Red
126,57,126,Red
113,62,113,Red
300,187,300,Red
51,32,51,Red
195,110,197,Red
118,49,118,Red
233,94,233,Red
75,44,76,Red
104,53,104,Red
100,44,101,Red
57,28,57,Red
192,90,192,Red
398,264,398,Red
169,78,169,Red
76,45,76,Red
175,98,175,Red
91,42,91,Red
137,65,137,Red
146,80,146,Red
58,29,58,Red
196,112,196,Red
331,163,331,Red
100,47,100,Red
129,77,129,Red
217,137,217,Red
104,66,104,Red
178,75,178,Red
199,126,199,Red
206,98,206,Red
183,97,183,Red
99,41,99,Red
57,37,57,Red
176,82,176,Red
191,77,191,Red
77,32,77,Red
337,161,337,Red
174,87,175,Red
202,91,202,Red
73,36,73,Red
188,104,188,Red
187,105,187,Red
177,115,177,Red
139,66,139,Red
192,122,194,Red
383,167,383,Red
172,95,172,Red
369,242,369,Red
171,88,172,Red
59,25,61,Red
108,47,108,Red
108,63,110,Red
353,174,353,Red
140,69,140,Red
82,37,82,Red
137,55,137,Red
69,36,69,Red
173,76,173,Red
192,95,192,Red
148,64,149,Red
341,140,341,Red
88,40,88,Red
124,50,124,Red
346,223,346,Red
177,98,177,Red
188,96,188,Red
112,52,112,Red
248,127,249,Red
77,48,77,Red
79,39,79,Red
152,82,152,Red
163,86,163,Red
179,73,179,Red
82,39,82,Red
61,36,63,Red
117,48,117,Red
330,214,331,Red
153,71,153,Red
60,39,61,Red
371,149,371,Red
55,26,55,Red
310,192,310,Red
155,66,157,Red
187,91,187,Red
163,106,163,Red
347,141,347,Red
55,26,57,Red
329,141,329,Red
57,34,57,Red
282,128,282,Red
127,83,130,Red
173,71,173,Red
78,36,78,Red
79,52,79,Red
97,41,97,Red
151,65,151,Red
182,80,182,Red
185,80,185,Red
160,85,160,Red
130,63,130,Red
61,30,61,Red
100,46,100,Red
211,107,211,Red
343,139,343,Red
366,202,366,Red
125,76,125,Red
263,163,263,Red
150,63,150,Red
382,196,382,Red
56,26,58,Red
354,157,354,Red
203,107,203,Red
208,114,210,Red
101,48,101,Red
146,73,146,Red
141,61,142,Red
209,97,209,Red
191,102,191,Red
146,67,146,Red
169,70,170,Red
364,158,364,Red
64,38,64,Red
107,59,107,Red
124,74,124,Red
126,81,126,Red
162,88,162,Red
222,90,224,Red
131,69,131,Red
320,137,322,Red
153,81,153,Red
360,229,360,Red
150,86,150,Red
189,92,189,Red
66,43,66,Red
369,170,371,Red
75,34,75,Red
191,93,191,Red
100,40,100,Red
223,105,223,Red
75,30,75,Red
206,130,206,Red
81,33,81,Red
183,101,183,Red
271,117,271,Red
134,57,134,Red
115,72,116,Red
123,50,123,Red
125,62,126,Red
80,35,80,Red
199,91,200,Red
195,79,197,Red
73,38,73,Red
392,251,395,Red
112,47,112,Red
274,158,274,Red
145,58,146,Red
159,95,161,Red
150,90,151,Red
141,57,141,Red
181,88,181,Red
135,62,135,Red
381,191,381,Red
69,43,70,Red
169,75,169,Red
182,96,182,Red
95,39,95,Red
219,105,219,Red
98,58,100,Red
380,189,381,Red
214,87,214,Red
274,158,274,Red
58,27,58,Red
116,68,116,Red
392,196,393,Red
194,78,194,Red
341,223,341,Red
217,123,221,Red
182,108,183,Red
315,163,315,Red
240,99,240,Red
102,62,102,Red
97,51,100,Red
130,56,132,Red
395,175,397,Red
105,55,105,Red
209,128,209,Red
252,150,252,Red
202,83,202,Red
210,85,212,Red
117,68,117,Red
181,116,181,Red
52,28,52,Red
195,97,195,Red
79,42,79,Red
220,118,223,Red
56,34,58,Red
149,89,149,Red
200,87,200,Red
218,142,219,Red
284,127,284,Red
210,84,210,Red
65,36,66,Red
60,24,60,Red
208,118,208,Red
131,58,131,Red
111,53,113,Red
218,93,218,Red
166,68,166,Red
136,62,136,Red
385,183,385,Red
378,218,378,Red
51,33,51,Red
138,60,139,Red
85,51,85,Red
87,54,87,Red
218,129,218,Red
81,34,82,Red
172,78,172,Red
219,123,221,Red
205,93,205,Red
175,86,175,Red
115,48,115,Red
249,111,249,Red
207,133,207,Red
343,172,343,Red
296,184,296,Red
156,70,158,Red
96,56,96,Red
182,100,182,Red
69,44,71,Red
211,85,211,Red
187,89,187,Red
391,178,391,Red
294,143,294,Red
360,223,360,Red
167,79,167,Red
162,93,163,Red
195,78,195,Red
126,56,127,Red
355,171,357,Red
194,89,194,Red
77,35,77,Red
189,119,189,Red
117,48,117,Red
67,41,67,Red
180,72,180,Red
212,95,212,Red
144,65,144,Red
85,51,85,Red
90,59,90,Red
346,164,346,Red
118,66,119,Red
160,105,160,Red
339,164,339,Red
101,46,101,Red
293,138,293,Red
336,210,336,Red
207,135,207,Red
168,106,168,Red
90,36,90,Red
88,46,88,Red
115,59,115,Red
130,62,130,Red
139,86,141,Red
107,50,107,Red
282,149,282,Red
163,99,163,Red
111,64,111,Red
78,44,79,Red
218,117,219,Red
120,52,120,Red
161,68,161,Red
94,55,94,Red
214,99,214,Red
58,31,59,Red
134,84,134,Red
140,66,141,Red
63,37,66,Red
235,124,235,Red
186,91,186,Red
105,50,105,Red
115,50,115,Red
301,162,301,Red
125,63,126,Red
185,119,185,Red
179,76,179,Red
85,34,85,Red
78,17,78,Blue
63,14,63,Blue
33,6,34,Blue
135,30,135,Blue
83,17,83,Blue
78,16,78,Blue
22,5,22,Blue
25,5,25,Blue
51,10,51,Blue
96,19,96,Blue
98,22,98,Blue
34,7,34,Blue
54,11,54,Blue
146,29,146,Blue
76,17,78,Blue
113,23,113,Blue
95,19,95,Blue
87,18,87,Blue
46,10,47,Blue
34,8,35,Blue
128,29,128,Blue
32,6,32,Blue
81,18,81,Blue
129,26,129,Blue
33,6,33,Blue
117,26,117,Blue
130,27,133,Blue
40,9,40,Blue
125,25,125,Blue
74,17,74,Blue
37,8,37,Blue
144,29,144,Blue
72,15,72,Blue
77,16,79,Blue
122,24,123,Blue
34,6,36,Blue
120,24,122,Blue
44,9,46,Blue
98,20,98,Blue
94,19,94,Blue
64,14,64,Blue
49,9,49,Blue
95,20,95,Blue
24,5,26,Blue
59,12,59,Blue
78,18,78,Blue
71,15,71,Blue
31,6,32,Blue
53,10,53,Blue
63,14,65,Blue
87,18,87,Blue
114,25,115,Blue
119,28,121,Blue
60,14,60,Blue
95,22,95,Blue
109,24,111,Blue
85,17,85,Blue
96,21,96,Blue
103,20,103,Blue
57,13,57,Blue
84,17,84,Blue
135,27,135,Blue
60,12,60,Blue
62,13,63,Blue
112,22,113,Blue
103,21,105,Blue
111,26,112,Blue
141,28,141,Blue
114,27,115,Blue
130,30,131,Blue
109,25,109,Blue
83,18,83,Blue
40,8,41,Blue
54,11,56,Blue
77,18,79,Blue
82,19,82,Blue
104,24,105,Blue
59,13,59,Blue
114,25,114,Blue
116,27,117,Blue
23,5,23,Blue
88,21,89,Blue
28,5,28,Blue
42,9,42,Blue
145,30,145,Blue
52,12,52,Blue
80,18,80,Blue
88,17,90,Blue
79,16,79,Blue
31,6,32,Blue
25,5,25,Blue
57,13,57,Blue
134,30,135,Blue
58,12,58,Blue
116,24,116,Blue
80,17,82,Blue
85,19,85,Blue
143,29,143,Blue
126,30,127,Blue
103,22,103,Blue
81,16,81,Blue
59,13,62,Blue
121,24,121,Blue
127,28,127,Blue
28,5,28,Blue
50,10,50,Blue
113,25,115,Blue
68,15,68,Blue
143,30,143,Blue
84,17,84,Blue
38,8,38,Blue
88,20,88,Blue
36,8,36,Blue
114,23,114,Blue
76,16,76,Blue
104,20,104,Blue
129,26,132,Blue
49,11,50,Blue
103,24,103,Blue
130,29,131,Blue
77,16,78,Blue
45,10,46,Blue
64,15,64,Blue
31,7,32,Blue
107,23,107,Blue
42,8,43,Blue
97,22,97,Blue
54,11,54,Blue
33,6,33,Blue
87,19,88,Blue
73,15,74,Blue
33,8,33,Blue
104,22,104,Blue
39,8,40,Blue
38,8,38,Blue
62,13,62,Blue
84,19,84,Blue
80,19,83,Blue
69,14,69,Blue
84,18,84,Blue
74,15,74,Blue
58,13,58,Blue
82,17,82,Blue
106,24,106,Blue
120,24,120,Blue
91,20,92,Blue
50,10,53,Blue
74,16,74,Blue
140,30,141,Blue
66,14,67,Blue
32,7,32,Blue
71,15,73,Blue
98,22,98,Blue
53,12,53,Blue
90,18,92,Blue
90,21,90,Blue
48,9,48,Blue
73,14,73,Blue
96,20,96,Blue
64,13,66,Blue
35,8,35,Blue
121,26,121,Blue
126,27,126,Blue
107,22,109,Blue
107,22,107,Blue
55,11,57,Blue
88,20,88,Blue
72,16,72,Blue
81,17,81,Blue
110,22,112,Blue
138,29,138,Blue
86,18,86,Blue
103,20,103,Blue
91,18,91,Blue
32,7,33,Blue
127,29,127,Blue
70,15,70,Blue
48,9,49,Blue
78,18,78,Blue
72,14,72,Blue
144,30,144,Blue
89,19,90,Blue
92,19,92,Blue
88,18,88,Blue
54,11,54,Blue
115,25,115,Blue
74,14,75,Blue
132,27,132,Blue
50,10,50,Blue
34,7,35,Blue
113,24,113,Blue
76,15,79,Blue
105,24,105,Blue
96,21,98,Blue
90,20,90,Blue
131,30,132,Blue
64,14,64,Blue
59,11,59,Blue
24,5,24,Blue
100,20,100,Blue
119,28,119,Blue
58,12,58,Blue
129,25,129,Blue
54,11,54,Blue
67,15,67,Blue
56,12,56,Blue
132,29,132,Blue
72,15,72,Blue
53,11,53,Blue
133,29,133,Blue
50,10,50,Blue
24,5,26,Blue
130,27,130,Blue
60,12,62,Blue
91,20,91,Blue
121,26,122,Blue
42,9,44,Blue
75,15,75,Blue
35,7,38,Blue
133,26,133,Blue
125,27,125,Blue
54,11,54,Blue
27,6,27,Blue
26,6,26,Blue
54,11,54,Blue
99,22,99,Blue
64,14,64,Blue
59,12,59,Blue
141,30,141,Blue
90,18,90,Blue
90,19,90,Blue
65,13,65,Blue
150,30,150,Blue
117,24,117,Blue
86,19,86,Blue
144,29,144,Blue
133,28,133,Blue
34,7,34,Blue
145,30,145,Blue
135,29,135,Blue
106,21,106,Blue
116,27,116,Blue
54,13,54,Blue
70,14,71,Blue
137,29,138,Blue
41,9,41,Blue
99,20,101,Blue
144,29,144,Blue
43,9,44,Blue
64,15,64,Blue
37,7,38,Blue
86,18,86,Blue
100,21,100,Blue
104,23,105,Blue
53,12,53,Blue
116,25,116,Blue
109,23,111,Blue
131,27,131,Blue
110,26,110,Blue
130,30,130,Blue
31,7,31,Blue
92,22,94,Blue
150,30,150,Blue
125,27,125,Blue
47,10,47,Blue
70,16,70,Blue
94,20,94,Blue
73,15,75,Blue
123,25,124,Blue
115,24,115,Blue
31,6,31,Blue
97,20,97,Blue
123,26,125,Blue
117,23,117,Blue
75,16,75,Blue
119,24,119,Blue
128,30,128,Blue
77,16,78,Blue
51,11,51,Blue
44,10,44,Blue
99,23,100,Blue
110,26,111,Blue
81,17,83,Blue
71,14,71,Blue
105,25,105,Blue
101,22,101,Blue
119,27,119,Blue
101,22,101,Blue
128,28,129,Blue
30,6,31,Blue
92,19,92,Blue
118,24,118,Blue
115,24,117,Blue
113,26,113,Blue
72,15,72,Blue
122,28,122,Blue
65,14,65,Blue
81,17,85,Blue
33,6,33,Blue
46,10,46,Blue
28,5,28,Blue
32,7,32,Blue
106,22,106,Blue
127,26,127,Blue
68,14,68,Blue
41,9,44,Blue
121,26,122,Blue
71,15,71,Blue
26,6,27,Blue
64,13,64,Blue
69,14,69,Blue
103,24,103,Blue
108,25,108,Blue
51,11,51,Blue
64,13,64,Blue
98,20,100,Blue
137,27,138,Blue
50,11,50,Blue
65,13,65,Blue
123,27,123,Blue
39,8,40,Blue
64,13,64,Blue
129,28,129,Blue
99,21,99,Blue
34,6,34,Blue
130,28,130,Blue
80,19,80,Blue
68,16,68,Blue
58,12,60,Blue
102,22,102,Blue
87,18,88,Blue
125,26,126,Blue
24,5,24,Blue
101,21,101,Blue
47,10,47,Blue
93,20,93,Blue
137,28,137,Blue
43,9,44,Blue
50,11,50,Blue
127,26,127,Blue
107,24,107,Blue
116,27,116,Blue
132,27,133,Blue
35,7,35,Blue
112,23,112,Blue
112,24,112,Blue
63,14,63,Blue
51,12,52,Blue
53,11,53,Blue
100,20,100,Blue
59,11,59,Blue
25,5,25,Blue
66,14,67,Blue
69,14,69,Blue
131,28,133,Blue
97,20,97,Blue
49,10,49,Blue
103,24,103,Blue
118,28,118,Blue
129,26,129,Blue
80,17,80,Blue
108,23,108,Blue
115,26,115,Blue
70,15,70,Blue
136,27,136,Blue
29,6,30,Blue
94,19,95,Blue
149,29,149,Blue
47,9,47,Blue
41,9,41,Blue
24,5,24,Blue
135,29,135,Blue
75,16,75,Blue
38,8,38,Blue
72,14,72,Blue
124,29,124,Blue
67,15,67,Blue
80,16,80,Blue
54,10,54,Blue
43,9,44,Blue
141,30,142,Blue
102,23,102,Blue
76,17,76,Blue
39,8,39,Blue
132,30,132,Blue
76,18,77,Blue
26,5,27,Blue
24,5,24,Blue
51,10,51,Blue
38,7,38,Blue
84,19,84,Blue
38,9,38,Blue
141,30,141,Blue
88,19,88,Blue
30,6,30,Blue
68,14,68,Blue
41,9,41,Blue
121,27,121,Blue
56,11,56,Blue
140,28,140,Blue
89,21,89,Blue
52,11,52,Blue
37,7,37,Blue
63,13,64,Blue
123,29,123,Blue
33,7,33,Blue
131,26,131,Blue
36,7,36,Blue
49,11,49,Blue
32,7,32,Blue
29,6,31,Blue
64,12,64,Blue
74,17,74,Blue
45,9,45,Blue
137,28,137,Blue
75,17,75,Blue
119,24,119,Blue
46,10,46,Blue
135,29,135,Blue
89,20,92,Blue
88,20,88,Blue
84,20,84,Blue
69,15,69,Blue
132,27,132,Blue
50,11,50,Blue
64,13,66,Blue
112,23,112,Blue
41,8,41,Blue
47,10,48,Blue
153,30,153,Blue
128,27,128,Blue
92,19,92,Blue
68,13,68,Blue
29,5,29,Blue
133,27,133,Blue
48,10,48,Blue
119,26,120,Blue
81,16,82,Blue
95,19,95,Blue
110,22,110,Blue
101,21,103,Blue
57,12,57,Blue
116,23,117,Blue
121,26,121,Blue
92,19,92,Blue
36,7,36,Blue
106,24,106,Blue
144,29,145,Blue
123,26,123,Blue
82,19,82,Blue
122,26,122,Blue
94,19,95,Blue
24,5,24,Blue
88,18,89,Blue
81,17,81,Blue
115,26,116,Blue
54,12,54,Blue
39,9,39,Blue
48,10,48,Blue
135,27,135,Blue
108,22,108,Blue
143,30,143,Blue
67,14,69,Blue
81,18,81,Blue
129,26,129,Blue
86,20,86,Blue
107,24,107,Blue
120,25,120,Blue
24,5,24,Blue
83,17,83,Blue
100,23,100,Blue
27,6,27,Blue
50,10,50,Blue
121,25,122,Blue
111,26,111,Blue
49,10,49,Blue
79,15,79,Blue
40,8,40,Blue
96,22,96,Blue
96,20,96,Blue
30,7,30,Blue
23,5,23,Blue
116,25,117,Blue
135,28,135,Blue
91,19,91,Blue
104,23,104,Blue
98,21,99,Blue
40,8,40,Blue
65,15,65,Blue
51,11,51,Blue
48,10,48,Blue
114,23,114,Blue
111,26,111,Blue
131,30,131,Blue
103,22,103,Blue
121,25,121,Blue
63,12,63,Blue
110,25,110,Blue
26,5,27,Blue
109,25,109,Blue
121,25,121,Blue
67,14,67,Blue
102,20,102,Blue
37,7,37,Blue
127,29,127,Blue
60,12,60,Blue
63,13,63,Blue
110,24,110,Blue
30,6,31,Blue
113,25,113,Blue
80,17,80,Blue
133,26,135,Blue
93,19,94,Blue
56,12,56,Blue
66,14,66,Blue
87,17,87,Blue
85,20,86,Blue
32,7,32,Blue
132,29,132,Blue
74,17,77,Blue
44,9,44,Blue
78,16,78,Blue
87,19,87,Blue
87,19,88,Blue
64,13,65,Blue
44,8,44,Blue
62,13,62,Blue
100,21,100,Blue
139,28,140,Blue
112,25,112,Blue
84,17,86,Blue
137,30,137,Blue
48,10,48,Blue
118,28,118,Blue
107,25,108,Blue
109,25,109,Blue
50,11,50,Blue
94,20,94,Blue
77,18,78,Blue
134,30,134,Blue
140,43,142,Blue
143,45,144,Blue
142,46,141,Blue
139,42,140,Blue
144,44,143,Blue
141,43,142,Blue
140,45,141,Blue
143,42,142,Blue
142,44,141,Blue
139,43,140,Blue
212,59,214,Blue
211,61,212,Blue
214,62,213,Blue
213,59,214,Blue
212,61,213,Blue
215,60,214,Blue
213,62,213,Blue
211,59,212,Blue
212,60,214,Blue
213,61,213,Blue
67,14,67,Blue
30,7,30,Blue
95,19,95,Blue
43,9,43,Blue
68,15,68,Blue
65,13,65,Blue
98,21,98,Blue
28,6,28,Blue
123,29,123,Blue
79,17,80,Blue
142,30,142,Blue
121,28,121,Blue
46,9,46,Blue
38,8,38,Blue
133,27,133,Blue
113,23,113,Blue
43,10,43,Blue
121,24,121,Blue
111,25,111,Blue
106,21,106,Blue
33,6,33,Blue
115,24,115,Blue
53,11,53,Blue
102,22,102,Blue
107,22,107,Blue
113,24,113,Blue
31,6,31,Blue
87,17,87,Blue
110,23,110,Blue
64,12,65,Blue
28,6,28,Blue
47,11,47,Blue
28,6,29,Blue
143,29,145,Blue
24,5,24,Blue
122,28,122,Blue
106,22,107,Blue
56,11,58,Blue
97,20,97,Blue
150,30,152,Blue
124,26,124,Blue
97,19,97,Blue
75,16,75,Blue
70,15,70,Blue
91,18,91,Blue
123,26,123,Blue
108,25,108,Blue
90,18,91,Blue
69,16,69,Blue
134,30,134,Blue
65,13,68,Blue
60,13,60,Blue
70,14,70,Blue
59,13,61,Blue
147,30,149,Blue
75,16,76,Blue
38,7,39,Blue
33,7,33,Blue
45,9,45,Blue
43,10,43,Blue
25,5,25,Blue
77,15,77,Blue
63,12,63,Blue
38,7,38,Blue
106,22,107,Blue
90,18,91,Blue
91,18,91,Blue
96,19,96,Blue
99,23,99,Blue
124,27,124,Blue
90,20,92,Blue
124,29,125,Blue
30,7,30,Blue
73,16,73,Blue
73,14,73,Blue
126,25,126,Blue
133,28,134,Blue
108,24,108,Blue
114,23,114,Blue
49,11,49,Blue
107,23,108,Blue
30,6,30,Blue
91,20,92,Blue
52,11,52,Blue
107,22,107,Blue
33,7,34,Blue
107,22,108,Blue
78,18,81,Blue
136,27,136,Blue
138,30,139,Blue
59,11,59,Blue
109,24,109,Blue
60,13,60,Blue
108,22,109,Blue
99,22,99,Blue
92,20,93,Blue
98,22,98,Blue
61,12,61,Blue
24,5,25,Blue
28,5,28,Blue
120,27,120,Blue
60,13,60,Blue
101,22,101,Blue
49,11,50,Blue
144,30,144,Blue
82,18,84,Blue
90,20,90,Blue
109,25,109,Blue
44,9,44,Blue
89,18,90,Blue
104,23,104,Blue
51,10,51,Blue
113,27,113,Blue
114,24,114,Blue
96,23,96,Blue
62,14,63,Blue
57,12,57,Blue
106,24,106,Blue
117,26,117,Blue
130,28,132,Blue
54,12,54,Blue
87,21,87,Blue
116,25,117,Blue
110,24,111,Blue
57,13,59,Blue
88,20,88,Blue
108,23,112,Blue
125,28,125,Blue
86,18,86,Blue
66,16,66,Blue
67,15,67,Blue
113,25,113,Blue
110,22,110,Blue
47,9,47,Blue
73,16,73,Blue
75,17,75,Blue
68,14,68,Blue
85,19,85,Blue
102,24,102,Blue
36,7,37,Blue
77,18,78,Blue
140,29,140,Blue
120,28,121,Blue
107,23,107,Blue
23,5,23,Blue
128,30,128,Blue
37,8,37,Blue
152,30,152,Blue
40,9,41,Blue
62,13,62,Blue
45,10,45,Blue
40,8,40,Blue
59,13,59,Blue
54,13,54,Blue
100,22,100,Blue
148,30,148,Blue
126,26,128,Blue
61,12,61,Blue
75,16,77,Blue
52,11,52,Blue
120,27,120,Blue
40,8,40,Blue
91,19,91,Blue
52,11,52,Blue
33,7,33,Blue
27,5,29,Blue
27,5,27,Blue
68,16,68,Blue
24,5,25,Blue
82,17,83,Blue
108,25,108,Blue
23,5,23,Blue
98,19,98,Blue
51,11,51,Blue
93,21,93,Blue
85,20,85,Blue
87,20,89,Blue
44,10,44,Blue
83,18,83,Blue
68,15,68,Blue
119,28,119,Blue
26,6,26,Blue
103,22,103,Blue
38,8,38,Blue
139,28,141,Blue
149,30,149,Blue
83,17,83,Blue
105,21,105,Blue
60,12,60,Blue
120,24,120,Blue
122,28,122,Blue
83,17,83,Blue
95,19,95,Blue
36,7,36,Blue
149,30,149,Blue
80,16,80,Blue
103,21,104,Blue
117,25,118,Blue
109,22,109,Blue
31,6,31,Blue
92,19,92,Blue
56,11,57,Blue
131,28,133,Blue
134,30,134,Blue
41,9,41,Blue
42,8,44,Blue
87,19,87,Blue
133,30,133,Blue
60,13,60,Blue
69,15,69,Blue
46,10,47,Blue
55,11,55,Blue
25,6,25,Blue
59,12,60,Blue
95,19,95,Blue
87,19,88,Blue
26,5,27,Blue
38,8,38,Blue
76,18,76,Blue
84,19,84,Blue
37,7,39,Blue
112,26,113,Blue
88,21,90,Blue
64,14,64,Blue
103,20,103,Blue
110,23,110,Blue
107,21,108,Blue
100,22,100,Blue
87,17,88,Blue
145,29,145,Blue
97,23,97,Blue
114,23,114,Blue
97,23,97,Blue
62,14,62,Blue
42,10,42,Blue
90,21,91,Blue
88,19,89,Blue
50,10,50,Blue
99,21,99,Blue
105,23,105,Blue
110,25,110,Blue
64,13,65,Blue
115,27,117,Blue
27,5,28,Blue
111,23,111,Blue
87,19,89,Blue
72,17,72,Blue
44,10,44,Blue
25,5,25,Blue
37,9,37,Blue
32,7,34,Blue
101,22,101,Blue
66,14,66,Blue
131,28,131,Blue
116,27,117,Blue
133,27,133,Blue
132,26,132,Blue
76,16,76,Blue
88,20,91,Blue
53,11,53,Blue
119,24,120,Blue
129,27,132,Blue
33,6,33,Blue
71,16,71,Blue
40,8,40,Blue
105,22,105,Blue
87,19,87,Blue
61,14,61,Blue
130,27,130,Blue
36,7,36,Blue
128,27,128,Blue
56,11,56,Blue
58,13,58,Blue
92,21,92,Blue
78,16,78,Blue
60,12,60,Blue
69,14,70,Blue
29,6,29,Blue
102,23,102,Blue
105,22,105,Blue
42,9,42,Blue
140,30,142,Blue
22,5,22,Blue
64,13,64,Blue
70,15,70,Blue
67,14,68,Blue
34,7,34,Blue
65,13,65,Blue
63,13,63,Blue
46,9,46,Blue
123,27,124,Blue
54,11,54,Blue
87,19,87,Blue
76,17,76,Blue
94,20,94,Blue
76,17,76,Blue
46,11,48,Blue
124,27,124,Blue
114,26,114,Blue
40,8,40,Blue
117,26,118,Blue
94,19,94,Blue
64,15,64,Blue
57,12,57,Blue
60,12,60,Blue
70,14,71,Blue
114,27,114,Blue
113,26,115,Blue
85,18,85,Blue
59,11,59,Blue
35,8,36,Blue
129,30,129,Blue
133,27,134,Blue
50,11,50,Blue
59,12,59,Blue
128,26,130,Blue
24,5,24,Blue
55,12,55,Blue
78,18,78,Blue
139,29,139,Blue
120,24,120,Blue
40,8,42,Blue
122,28,123,Blue
95,19,95,Blue
145,30,147,Blue
107,23,107,Blue
86,18,86,Blue
111,26,111,Blue
110,22,112,Blue
57,12,57,Blue
45,9,45,Blue
39,8,39,Blue
116,23,117,Blue
72,14,72,Blue
66,15,66,Blue
127,29,127,Blue
42,9,43,Blue
53,10,55,Blue
50,11,50,Blue
85,19,86,Blue
84,19,84,Blue
40,9,40,Blue
112,24,112,Blue
128,28,128,Blue
62,13,62,Blue
110,25,110,Blue
24,5,24,Blue
58,12,58,Blue
58,12,58,Blue
124,24,124,Blue
144,29,145,Blue
135,30,137,Blue
85,17,87,Blue
29,6,30,Blue
57,13,57,Blue
89,19,89,Blue
73,15,73,Blue
96,23,96,Blue
74,15,74,Blue
94,19,94,Blue
21,5,21,Blue
68,16,70,Blue
27,5,27,Blue
68,15,68,Blue
75,17,75,Blue
106,23,106,Blue
68,14,68,Blue
32,6,32,Blue
91,19,91,Blue
39,9,39,Blue
113,23,113,Blue
129,27,129,Blue
96,19,100,Blue
106,23,106,Blue
89,18,89,Blue
84,18,84,Blue
106,21,106,Blue
45,9,47,Blue
36,8,38,Blue
145,30,145,Blue
58,12,58,Blue
146,30,146,Blue
69,16,71,Blue
63,13,63,Blue
73,14,73,Blue
64,13,64,Blue
81,17,81,Blue
104,22,104,Blue
124,24,124,Blue
138,29,138,Blue
138,28,138,Blue
64,15,64,Blue
33,7,33,Blue
72,16,72,Blue
67,13,67,Blue
36,8,36,Blue
58,11,59,Blue
94,22,95,Blue
63,13,63,Blue
104,25,104,Blue
132,27,132,Blue
98,22,98,Blue
33,6,33,Blue
81,18,81,Blue
25,5,27,Blue
72,14,72,Blue
90,18,90,Blue
70,16,70,Blue
61,13,61,Blue
55,12,55,Blue
90,18,90,Blue
110,23,110,Blue
71,14,71,Blue
28,5,29,Blue
108,26,110,Blue
46,10,46,Blue
121,24,121,Blue
56,12,58,Blue
72,15,73,Blue
63,14,64,Blue
130,29,130,Blue
139,28,139,Blue
74,17,74,Blue
35,7,37,Blue
108,23,108,Blue
34,7,34,Blue
97,22,97,Blue
86,18,86,Blue
114,24,114,Blue
128,26,131,Blue
60,14,60,Blue
39,9,39,Blue
42,8,42,Blue
34,8,34,Blue
54,11,54,Blue
46,9,46,Blue
38,9,38,Blue
76,18,76,Blue
130,26,130,Blue
89,18,89,Blue
42,9,43,Blue
111,26,111,Blue
34,7,35,Blue
109,24,109,Blue
88,17,88,Blue
65,13,65,Blue
69,16,69,Blue
39,7,39,Blue
38,8,38,Blue
63,12,65,Blue
37,8,37,Blue
92,18,92,Blue
140,28,140,Blue
122,26,123,Blue
86,19,86,Blue
130,28,131,Blue
106,23,106,Blue
112,25,112,Blue
76,17,77,Blue
56,12,56,Blue
71,16,71,Blue
102,24,102,Blue
88,19,88,Blue
87,19,87,Blue
103,24,103,Blue
85,17,85,Blue
87,20,87,Blue
83,17,83,Blue
28,6,28,Blue
47,10,48,Blue
75,17,75,Blue
96,21,96,Blue
125,26,126,Blue
144,29,144,Blue
72,15,72,Blue
60,13,60,Blue
51,10,51,Blue
136,30,137,Blue
56,12,58,Blue
48,11,48,Blue
103,24,103,Blue
134,27,134,Blue
121,27,122,Blue
131,27,132,Blue
52,10,53,Blue
107,22,107,Blue
128,30,128,Blue
119,25,119,Blue
49,10,50,Blue
73,16,73,Blue
121,28,121,Blue
52,11,52,Blue
43,9,43,Blue
152,30,152,Blue
84,20,85,Blue
137,28,140,Blue
73,16,73,Blue
56,12,56,Blue
49,10,49,Blue
88,19,88,Blue
45,10,45,Blue
61,13,61,Blue
60,14,60,Blue
77,16,77,Blue
54,12,54,Blue
62,12,62,Blue
62,14,62,Blue
63,13,65,Blue
75,18,75,Blue
48,10,48,Blue
59,13,60,Blue
60,12,60,Blue
105,21,105,Blue
65,14,65,Blue
29,6,30,Blue
108,24,109,Blue
118,24,118,Blue
50,10,50,Blue
80,17,80,Blue
31,6,31,Blue
93,22,94,Blue
71,16,71,Blue
76,15,76,Blue
100,21,100,Blue
111,23,111,Blue
33,6,33,Blue
49,10,50,Blue
34,7,34,Blue
116,27,117,Blue
47,11,48,Blue
108,23,109,Blue
96,23,96,Blue
124,25,124,Blue
28,6,29,Blue
124,27,124,Blue
123,29,123,Blue
83,18,83,Blue
24,5,24,Blue
90,19,90,Blue
59,13,59,Blue
75,15,75,Blue
66,15,66,Blue
109,22,110,Blue
136,28,136,Blue
115,24,115,Blue
46,10,48,Blue
111,23,111,Blue
127,25,127,Blue
105,24,105,Blue
39,9,41,Blue
43,10,43,Blue
56,13,56,Blue
98,20,98,Blue
42,10,42,Blue
36,7,36,Blue
127,30,127,Blue
72,15,72,Blue
81,18,81,Blue
81,19,81,Blue
48,10,48,Blue
94,20,94,Blue
53,10,54,Blue
25,5,25,Blue
63,13,63,Blue
73,14,73,Blue
40,8,40,Blue
128,28,128,Blue
46,10,46,Blue
54,13,54,Blue
77,15,77,Blue
63,13,63,Blue
57,12,57,Blue
64,15,65,Blue
85,20,85,Blue
40,8,40,Blue
41,8,41,Blue
125,30,125,Blue
111,23,111,Blue
66,14,67,Blue
73,16,73,Blue
145,30,145,Blue
28,6,30,Blue
33,7,33,Blue
26,5,26,Blue
26,5,26,Blue
59,13,59,Blue
106,21,106,Blue
40,9,40,Blue
23,5,23,Blue
32,6,32,Blue
97,21,100,Blue
122,25,122,Blue
132,28,132,Blue
35,8,35,Blue
48,10,48,Blue
146,30,146,Blue
113,25,113,Blue
36,7,36,Blue
65,14,65,Blue
87,17,89,Blue
49,10,49,Blue
115,23,115,Blue
32,7,32,Blue
94,19,95,Blue
123,28,123,Blue
28,5,29,Blue
51,12,52,Blue
65,13,66,Blue
129,29,129,Blue
32,6,32,Blue
96,23,96,Blue
114,23,114,Blue
55,11,55,Blue
85,18,85,Blue
59,12,59,Blue
77,17,77,Blue
64,15,66,Blue
104,23,104,Blue
84,18,84,Blue
36,7,38,Blue
121,29,121,Blue
29,5,30,Blue
81,19,81,Blue
50,10,50,Blue
46,9,46,Blue
121,27,121,Blue
105,21,107,Blue
24,5,24,Blue
100,20,100,Blue
56,13,56,Blue
120,26,120,Blue
44,10,44,Blue
113,24,113,Blue
42,9,44,Blue
34,7,34,Blue
98,23,98,Blue
93,19,95,Blue
79,16,79,Blue
146,29,147,Blue
150,30,150,Blue
37,8,37,Blue
66,13,66,Blue
33,7,33,Blue
117,27,117,Blue
111,24,111,Blue
62,14,63,Blue
101,22,101,Blue
128,27,128,Blue
28,5,28,Blue
126,27,127,Blue
56,11,56,Blue
117,25,117,Blue
87,18,87,Blue
53,11,53,Blue
72,15,72,Blue
78,16,79,Blue
111,22,111,Blue
109,22,109,Blue
33,6,33,Blue
69,14,69,Blue
118,28,119,Blue
124,26,124,Blue
77,16,77,Blue
75,16,75,Blue
107,23,107,Blue
110,24,110,Blue
45,10,45,Blue
93,18,93,Blue
55,12,55,Blue
130,26,130,Blue
153,30,153,Blue
40,8,40,Blue
32,6,32,Blue
73,15,73,Blue
39,8,40,Blue
90,19,92,Blue
31,7,32,Blue
54,12,54,Blue
101,24,101,Blue
107,22,107,Blue
120,27,121,Blue
105,21,105,Blue
32,6,32,Blue
69,14,70,Blue
104,23,104,Blue
109,23,109,Blue
105,21,105,Blue
70,14,70,Blue
151,30,151,Blue
62,12,63,Blue
60,13,60,Blue
136,29,136,Blue
101,20,103,Blue
54,12,54,Blue
27,6,27,Blue
103,20,103,Blue
124,25,124,Blue
22,5,23,Blue
87,17,87,Blue
130,28,130,Blue
49,10,51,Blue
95,20,96,Blue
99,23,99,Blue
32,7,32,Blue
30,6,32,Blue
75,16,75,Blue
94,19,96,Blue
120,28,120,Blue
120,24,120,Blue
24,5,24,Blue
112,30,112,Green
126,49,126,Green
203,71,203,Green
186,50,186,Green
163,46,163,Green
365,123,365,Green
348,115,348,Green
282,72,282,Green
149,46,149,Green
306,92,307,Green
210,68,210,Green
198,53,198,Green
236,69,237,Green
68,27,70,Green
59,23,59,Green
342,107,342,Green
152,57,154,Green
239,65,239,Green
287,107,287,Green
118,31,118,Green
219,74,220,Green
155,39,155,Green
388,124,388,Green
227,71,227,Green
27,9,27,Green
272,83,272,Green
369,115,369,Green
243,68,243,Green
241,84,241,Green
285,75,285,Green
302,84,302,Green
114,39,114,Green
73,28,73,Green
64,24,65,Green
390,132,390,Green
93,36,93,Green
375,129,375,Green
194,74,194,Green
21,7,21,Green
349,94,350,Green
300,87,300,Green
146,44,146,Green
305,77,305,Green
87,26,88,Green
33,9,33,Green
187,49,188,Green
180,60,180,Green
307,108,307,Green
288,89,288,Green
369,115,369,Green
85,23,85,Green
342,136,342,Green
360,136,360,Green
397,144,398,Green
188,54,188,Green
165,61,165,Green
196,59,196,Green
398,156,398,Green
307,103,307,Green
50,13,50,Green
373,96,375,Green
186,63,187,Green
345,89,345,Green
125,35,125,Green
142,53,142,Green
106,28,106,Green
399,150,400,Green
115,43,115,Green
142,40,143,Green
61,22,61,Green
294,105,294,Green
314,90,314,Green
201,53,201,Green
102,29,102,Green
69,19,69,Green
394,121,394,Green
242,64,242,Green
167,47,168,Green
219,55,221,Green
343,117,343,Green
160,54,164,Green
188,64,188,Green
116,44,116,Green
136,46,136,Green
246,63,246,Green
44,14,44,Green
159,54,159,Green
84,22,86,Green
345,117,345,Green
179,48,181,Green
11,4,11,Green
236,74,238,Green
196,66,196,Green
302,105,302,Green
277,106,277,Green
83,25,83,Green
341,108,341,Green
328,92,328,Green
118,34,118,Green
231,72,231,Green
290,107,290,Green
367,100,367,Green
197,53,197,Green
206,79,206,Green
141,48,141,Green
116,40,116,Green
97,30,97,Green
185,56,185,Green
159,54,159,Green
154,41,154,Green
213,56,214,Green
207,55,207,Green
94,32,94,Green
393,113,394,Green
16,5,16,Green
333,126,334,Green
366,101,366,Green
64,18,65,Green
138,44,138,Green
89,26,90,Green
16,5,17,Green
147,47,149,Green
158,45,159,Green
227,77,231,Green
15,4,15,Green
162,45,163,Green
346,117,348,Green
198,72,199,Green
103,40,106,Green
200,55,200,Green
284,110,284,Green
229,77,229,Green
6,2,6,Green
156,41,156,Green
133,40,133,Green
155,40,157,Green
68,19,68,Green
343,116,343,Green
56,17,56,Green
311,96,314,Green
329,116,330,Green
328,107,329,Green
219,75,221,Green
373,141,373,Green
254,79,257,Green
136,38,136,Green
121,38,121,Green
145,47,145,Green
40,14,40,Green
123,35,123,Green
110,31,110,Green
67,19,67,Green
218,62,218,Green
399,107,399,Green
347,97,347,Green
352,123,352,Green
379,137,379,Green
322,84,323,Green
239,85,239,Green
63,16,63,Green
68,26,69,Green
312,91,312,Green
147,48,147,Green
250,85,252,Green
371,109,371,Green
125,48,127,Green
172,55,172,Green
278,88,278,Green
248,64,249,Green
131,49,131,Green
22,6,22,Green
323,81,323,Green
185,49,185,Green
383,113,383,Green
138,36,138,Green
171,66,171,Green
78,21,80,Green
208,83,208,Green
199,68,199,Green
75,20,76,Green
149,39,150,Green
86,34,86,Green
120,46,120,Green
300,102,300,Green
231,89,232,Green
198,68,198,Green
133,40,134,Green
181,48,181,Green
359,117,359,Green
334,109,334,Green
182,72,183,Green
174,57,178,Green
326,108,326,Green
104,30,104,Green
235,69,237,Green
157,56,157,Green
360,96,360,Green
249,80,251,Green
187,48,189,Green
251,80,252,Green
322,94,322,Green
352,139,352,Green
364,131,364,Green
239,83,239,Green
329,125,331,Green
360,105,360,Green
63,19,67,Green
282,74,282,Green
276,95,276,Green
232,82,232,Green
61,18,61,Green
42,16,42,Green
344,95,345,Green
316,103,316,Green
397,103,397,Green
69,23,69,Green
340,126,340,Green
51,19,51,Green
162,64,162,Green
257,98,257,Green
36,12,36,Green
242,81,242,Green
363,145,364,Green
221,68,221,Green
375,135,375,Green
297,97,297,Green
313,104,313,Green
398,134,398,Green
301,103,301,Green
130,45,130,Green
220,87,221,Green
183,51,184,Green
6,2,6,Green
130,47,130,Green
345,112,345,Green
245,71,245,Green
272,104,273,Green
196,67,196,Green
21,6,21,Green
25,8,26,Green
155,45,155,Green
65,22,65,Green
268,85,269,Green
173,51,173,Green
354,113,356,Green
155,53,155,Green
320,116,322,Green
276,71,276,Green
304,80,304,Green
145,49,145,Green
182,54,182,Green
265,98,265,Green
105,29,106,Green
316,100,316,Green
345,112,345,Green
239,79,240,Green
77,26,77,Green
243,87,245,Green
94,35,94,Green
45,17,46,Green
368,141,368,Green
289,112,289,Green
152,39,152,Green
49,14,49,Green
63,21,64,Green
98,34,98,Green
374,134,374,Green
67,23,67,Green
152,49,152,Green
217,60,217,Green
113,36,113,Green
296,88,296,Green
258,79,258,Green
129,33,129,Green
355,94,355,Green
219,56,219,Green
314,100,314,Green
93,29,95,Green
48,15,48,Green
66,18,66,Green
245,66,245,Green
363,94,363,Green
103,32,105,Green
145,42,146,Green
108,38,108,Green
259,68,259,Green
194,69,194,Green
20,7,21,Green
183,71,183,Green
383,130,383,Green
302,95,302,Green
88,34,88,Green
75,19,75,Green
168,59,168,Green
314,86,315,Green
366,136,366,Green
48,14,48,Green
130,45,130,Green
95,29,95,Green
377,111,378,Green
360,93,362,Green
165,46,165,Green
285,78,285,Green
237,85,237,Green
280,99,280,Green
385,137,385,Green
70,19,70,Green
246,71,246,Green
248,96,250,Green
319,121,319,Green
230,80,230,Green
297,116,298,Green
222,56,222,Green
367,111,367,Green
44,13,44,Green
220,58,220,Green
209,65,209,Green
134,53,134,Green
43,17,43,Green
246,72,246,Green
380,108,381,Green
232,88,232,Green
171,46,173,Green
295,86,297,Green
181,61,181,Green
206,56,206,Green
215,60,216,Green
234,63,234,Green
124,35,128,Green
267,71,268,Green
114,41,114,Green
199,51,201,Green
239,81,240,Green
276,96,276,Green
384,120,384,Green
314,125,314,Green
293,112,295,Green
372,133,372,Green
42,15,42,Green
264,90,264,Green
88,34,88,Green
76,21,76,Green
155,49,158,Green
397,136,397,Green
279,82,281,Green
212,64,212,Green
105,39,105,Green
39,15,39,Green
74,25,76,Green
123,34,123,Green
398,103,399,Green
326,99,327,Green
180,67,181,Green
336,89,336,Green
53,20,53,Green
118,33,118,Green
205,63,205,Green
175,56,175,Green
267,93,267,Green
64,18,64,Green
278,104,278,Green
362,93,364,Green
211,74,211,Green
81,23,81,Green
354,114,354,Green
237,83,237,Green
292,84,292,Green
253,93,254,Green
212,69,212,Green
81,25,82,Green
23,6,25,Green
242,73,242,Green
332,104,332,Green
106,28,106,Green
315,109,315,Green
107,28,107,Green
211,56,211,Green
220,64,221,Green
200,54,200,Green
334,105,334,Green
142,49,143,Green
106,41,106,Green
127,39,128,Green
219,65,221,Green
51,15,51,Green
354,109,354,Green
281,78,281,Green
22,6,22,Green
240,82,240,Green
116,35,116,Green
67,21,67,Green
134,42,134,Green
325,103,325,Green
296,93,297,Green
208,41,210,Green
212,43,211,Green
209,40,208,Green
211,44,210,Green
213,41,212,Green
207,43,209,Green
210,40,208,Green
211,42,209,Green
209,41,210,Green
212,42,211,Green
241,70,241,Green
21,7,21,Green
262,84,262,Green
10,3,12,Green
376,115,376,Green
97,26,97,Green
369,136,369,Green
47,15,47,Green
347,117,347,Green
334,115,335,Green
69,20,69,Green
250,86,250,Green
341,104,342,Green
26,8,26,Green
197,53,197,Green
313,114,313,Green
287,78,287,Green
391,103,391,Green
129,35,131,Green
243,76,243,Green
242,67,242,Green
352,110,353,Green
98,25,98,Green
9,3,9,Green
140,48,140,Green
374,126,374,Green
296,106,296,Green
180,47,180,Green
372,103,372,Green
89,32,90,Green
383,145,383,Green
359,115,359,Green
381,108,381,Green
233,70,233,Green
236,60,238,Green
159,57,159,Green
283,81,284,Green
66,20,66,Green
393,136,394,Green
253,88,253,Green
239,88,239,Green
188,67,188,Green
113,41,113,Green
54,19,54,Green
35,11,39,Green
281,96,281,Green
193,53,193,Green
110,42,110,Green
179,66,179,Green
63,17,63,Green
140,50,140,Green
107,42,107,Green
257,65,257,Green
353,124,354,Green
13,4,15,Green
359,139,360,Green
112,33,112,Green
59,19,59,Green
81,23,81,Green
257,89,257,Green
127,37,127,Green
290,98,290,Green
381,108,381,Green
66,22,66,Green
102,40,102,Green
309,114,309,Green
186,70,186,Green
258,67,258,Green
200,63,200,Green
41,12,41,Green
288,84,288,Green
293,104,294,Green
272,79,272,Green
100,27,100,Green
122,37,122,Green
92,29,92,Green
137,38,137,Green
262,71,262,Green
211,58,212,Green
97,33,98,Green
392,142,392,Green
279,90,279,Green
269,89,270,Green
127,44,128,Green
129,47,129,Green
227,67,227,Green
321,93,323,Green
231,64,231,Green
332,123,334,Green
294,116,294,Green
181,58,181,Green
327,107,327,Green
249,83,249,Green
102,37,102,Green
248,83,248,Green
196,51,197,Green
256,70,256,Green
393,109,394,Green
313,108,313,Green
144,54,144,Green
376,129,376,Green
190,52,190,Green
99,30,99,Green
341,134,341,Green
218,65,218,Green
33,10,35,Green
281,91,281,Green
389,111,391,Green
172,55,172,Green
190,60,191,Green
219,79,219,Green
275,97,275,Green
349,106,351,Green
88,32,88,Green
48,18,49,Green
39,10,39,Green
214,85,216,Green
278,95,278,Green
352,139,352,Green
339,104,339,Green
387,143,387,Green
350,95,351,Green
157,55,157,Green
354,110,355,Green
23,9,25,Green
183,64,183,Green
330,114,330,Green
142,43,143,Green
378,150,378,Green
93,32,93,Green
391,132,392,Green
92,24,92,Green
348,118,348,Green
214,84,215,Green
328,131,328,Green
287,106,288,Green
167,44,167,Green
51,13,51,Green
211,69,211,Green
385,118,385,Green
13,4,13,Green
44,17,45,Green
366,119,366,Green
146,39,146,Green
388,102,388,Green
151,55,152,Green
85,29,86,Green
322,115,324,Green
313,81,315,Green
131,36,131,Green
116,42,118,Green
116,35,116,Green
294,99,294,Green
371,103,371,Green
11,3,11,Green
153,53,153,Green
29,8,29,Green
54,19,54,Green
318,101,318,Green
28,9,29,Green
322,128,322,Green
339,100,341,Green
352,125,352,Green
89,32,90,Green
37,11,37,Green
299,88,299,Green
125,32,125,Green
89,33,89,Green
396,155,396,Green
204,54,204,Green
13,4,16,Green
360,120,360,Green
212,55,212,Green
3,1,3,Green
360,104,360,Green
22,6,22,Green
262,91,262,Green
249,93,249,Green
40,12,41,Green
237,64,237,Green
264,104,264,Green
345,100,345,Green
383,130,383,Green
231,90,232,Green
85,29,85,Green
373,139,375,Green
362,114,364,Green
323,119,323,Green
53,14,53,Green
289,99,289,Green
348,88,350,Green
349,127,350,Green
280,72,284,Green
286,75,286,Green
192,55,192,Green
145,39,145,Green
149,53,149,Green
302,108,302,Green
234,80,234,Green
198,64,199,Green
51,15,51,Green
153,39,154,Green
99,31,99,Green
198,77,198,Green
265,76,265,Green
287,80,287,Green
392,119,393,Green
370,132,370,Green
101,31,101,Green
214,67,214,Green
39,15,39,Green
122,31,123,Green
264,103,265,Green
16,5,16,Green
135,39,136,Green
35,10,37,Green
275,72,277,Green
153,56,153,Green
76,20,77,Green
346,89,347,Green
296,99,297,Green
176,68,177,Green
197,67,197,Green
180,66,180,Green
249,71,249,Green
146,40,146,Green
370,96,370,Green
78,23,78,Green
235,82,235,Green
290,103,290,Green
125,37,125,Green
189,54,189,Green
49,16,50,Green
137,46,137,Green
114,33,116,Green
343,102,344,Green
223,88,225,Green
133,50,133,Green
210,63,210,Green
61,17,61,Green
271,88,271,Green
163,58,163,Green
100,38,100,Green
268,94,268,Green
213,69,213,Green
338,95,338,Green
206,69,206,Green
90,29,91,Green
60,21,61,Green
139,37,139,Green
275,83,275,Green
181,52,181,Green
65,19,65,Green
336,93,336,Green
6,2,7,Green
306,121,306,Green
304,87,305,Green
125,49,127,Green
396,120,397,Green
99,38,100,Green
145,41,145,Green
322,85,323,Green
363,94,363,Green
352,101,352,Green
109,41,109,Green
171,45,171,Green
245,84,246,Green
105,32,106,Green
253,86,253,Green
202,55,202,Green
207,69,207,Green
298,75,298,Green
133,35,133,Green
52,17,52,Green
120,37,120,Green
49,19,49,Green
270,106,272,Green
352,95,352,Green
146,42,146,Green
303,92,303,Green
343,98,343,Green
373,146,375,Green
371,143,371,Green
197,78,197,Green
110,43,110,Green
349,126,349,Green
62,16,63,Green
202,54,202,Green
256,86,256,Green
115,36,115,Green
52,14,52,Green
391,154,391,Green
238,88,238,Green
398,105,401,Green
354,140,354,Green
325,91,325,Green
224,66,224,Green
353,92,355,Green
159,40,159,Green
184,67,184,Green
211,80,211,Green
97,34,97,Green
239,71,239,Green
114,41,114,Green
26,7,30,Green
276,78,276,Green
88,25,88,Green
69,20,69,Green
166,63,169,Green
145,42,145,Green
285,86,286,Green
197,74,197,Green
177,63,177,Green
101,35,101,Green
260,100,260,Green
76,23,77,Green
361,101,361,Green
135,39,135,Green
167,57,167,Green
6,2,7,Green
175,52,175,Green
392,150,393,Green
205,62,205,Green
385,106,385,Green
237,74,237,Green
31,8,32,Green
223,61,223,Green
315,109,315,Green
144,39,146,Green
108,35,108,Green
60,23,60,Green
210,70,210,Green
298,93,298,Green
151,45,151,Green
354,110,354,Green
390,116,390,Green
395,153,395,Green
223,86,223,Green
214,56,214,Green
242,71,243,Green
156,55,156,Green
96,26,96,Green
75,23,76,Green
149,42,149,Green
84,33,84,Green
195,58,195,Green
297,78,297,Green
12,4,12,Green
209,64,209,Green
87,27,87,Green
232,78,233,Green
257,65,259,Green
321,87,321,Green
360,142,360,Green
330,111,331,Green
396,135,397,Green
55,19,56,Green
395,105,396,Green
71,19,71,Green
104,27,104,Green
355,129,355,Green
119,37,120,Green
235,75,237,Green
39,14,39,Green
307,106,307,Green
342,113,342,Green
129,43,129,Green
307,93,310,Green
68,18,69,Green
357,120,358,Green
19,6,21,Green
332,108,332,Green
237,80,237,Green
15,4,15,Green
76,20,79,Green
164,64,164,Green
32,11,34,Green
102,27,104,Green
75,20,75,Green
246,80,246,Green
349,96,350,Green
48,13,48,Green
256,98,258,Green
32,12,32,Green
88,32,88,Green
332,124,333,Green
311,108,311,Green
6,2,6,Green
352,121,352,Green
246,65,246,Green
99,29,100,Green
41,15,41,Green
356,96,356,Green
191,51,191,Green
159,49,161,Green
340,92,342,Green
107,32,107,Green
246,83,247,Green
8,3,9,Green
217,57,220,Green
164,51,164,Green
259,81,261,Green
44,16,46,Green
3,1,3,Green
387,133,387,Green
200,67,200,Green
124,38,124,Green
244,96,244,Green
212,60,212,Green
286,91,286,Green
281,72,281,Green
88,27,88,Green
202,53,202,Green
212,72,212,Green
340,134,342,Green
27,10,27,Green
127,45,128,Green
54,15,54,Green
295,102,295,Green
332,108,334,Green
364,140,365,Green
348,96,348,Green
290,76,290,Green
47,16,47,Green
394,136,394,Green
112,30,112,Green
323,111,324,Green
279,91,281,Green
163,46,164,Green
180,53,181,Green
263,81,264,Green
121,42,121,Green
226,75,226,Green
62,24,62,Green
36,11,36,Green
266,97,266,Green
72,27,72,Green
274,94,274,Green
83,27,83,Green
36,12,36,Green
351,114,351,Green
43,15,43,Green
23,8,23,Green
314,114,314,Green
201,60,201,Green
366,112,366,Green
374,97,374,Green
84,25,84,Green
157,40,160,Green
65,23,66,Green
75,19,75,Green
132,43,132,Green
208,74,211,Green
22,6,24,Green
272,82,275,Green
337,96,337,Green
55,16,55,Green
59,18,59,Green
49,13,49,Green
73,25,73,Green
128,35,128,Green
385,122,386,Green
109,32,111,Green
388,123,388,Green
102,37,102,Green
212,62,213,Green
237,83,237,Green
361,108,361,Green
249,99,249,Green
141,54,143,Green
25,7,25,Green
281,102,282,Green
257,70,257,Green
157,58,157,Green
48,16,48,Green
332,110,333,Green
114,40,114,Green
162,55,163,Green
379,95,379,Green
329,117,329,Green
81,27,81,Green
158,40,160,Green
180,63,180,Green
280,81,280,Green
237,87,237,Green
70,21,72,Green
327,128,327,Green
19,5,20,Green
229,78,229,Green
6,2,7,Green
200,68,200,Green
367,129,367,Green
251,82,251,Green
252,80,252,Green
105,36,105,Green
32,10,32,Green
178,47,178,Green
379,132,379,Green
3,1,3,Green
378,140,378,Green
260,67,260,Green
181,60,181,Green
229,75,229,Green
81,32,81,Green
387,105,387,Green
115,29,115,Green
210,55,210,Green
246,91,247,Green
29,10,29,Green
13,5,13,Green
79,20,80,Green
52,17,52,Green
73,26,73,Green
124,32,124,Green
67,25,67,Green
237,86,237,Green
196,74,196,Green
245,82,246,Green
41,12,41,Green
217,73,217,Green
74,22,74,Green
36,11,36,Green
383,97,383,Green
271,76,271,Green
76,21,76,Green
154,53,154,Green
70,20,70,Green
95,27,95,Green
128,38,128,Green
201,78,201,Green
7,2,7,Green
398,148,398,Green
386,133,387,Green
396,145,396,Green
178,54,178,Green
273,80,273,Green
397,118,397,Green
244,79,244,Green
265,103,265,Green
190,49,190,Green
48,14,49,Green
345,95,347,Green
160,57,160,Green
58,19,58,Green
164,42,164,Green
120,34,120,Green
292,109,292,Green
326,112,326,Green
240,61,241,Green
277,73,277,Green
341,96,341,Green
187,61,187,Green
200,67,200,Green
299,98,299,Green
256,95,256,Green
237,83,238,Green
79,22,79,Green
251,87,251,Green
184,58,184,Green
330,94,330,Green
207,70,209,Green
398,149,398,Green
118,36,120,Green
275,77,275,Green
177,62,177,Green
127,37,127,Green
208,69,208,Green
203,68,204,Green
133,37,133,Green
276,106,276,Green
200,59,200,Green
281,111,281,Green
150,44,150,Green
284,104,284,Green
112,44,112,Green
200,65,202,Green
42,15,42,Green
228,74,228,Green
356,116,356,Green
175,52,175,Green
68,18,68,Green
126,48,126,Green
65,21,66,Green
347,107,347,Green
243,74,243,Green
198,52,198,Green
175,54,175,Green
287,100,287,Green
161,42,161,Green
86,31,86,Green
3,1,3,Green
205,58,206,Green
228,90,228,Green
150,38,152,Green
148,51,148,Green
399,124,399,Green
367,126,367,Green
140,44,140,Green
119,35,119,Green
41,14,41,Green
269,91,269,Green
114,42,114,Green
249,83,250,Green
156,41,156,Green
122,43,122,Green
175,62,175,Green
118,47,123,Green
6,2,6,Green
164,45,164,Green
253,66,253,Green
143,43,144,Green
58,22,58,Green
282,102,282,Green
313,98,314,Green
155,55,155,Green
16,6,16,Green
15,4,15,Green
9,3,10,Green
264,72,264,Green
358,114,358,Green
368,135,368,Green
384,110,384,Green
57,16,58,Green
69,19,69,Green
288,73,288,Green
372,96,372,Green
279,105,280,Green
396,131,396,Green
63,17,64,Green
145,50,145,Green
232,61,232,Green
192,74,192,Green
98,33,98,Green
19,6,19,Green
316,107,316,Green
331,94,331,Green
53,21,53,Green
183,61,183,Green
69,27,71,Green
216,77,216,Green
238,61,239,Green
356,140,356,Green
18,5,18,Green
69,24,70,Green
96,32,98,Green
389,141,390,Green
112,36,112,Green
247,96,247,Green
85,33,85,Green
337,94,337,Green
228,91,228,Green
169,54,169,Green
296,108,296,Green
323,122,325,Green
290,113,290,Green
36,10,36,Green
202,59,202,Green
389,149,390,Green
116,45,116,Green
6,2,6,Green
268,101,268,Green
203,70,203,Green
100,32,100,Green
33,13,33,Green
329,107,331,Green
197,55,198,Green
126,34,127,Green
317,87,317,Green
27,10,27,Green
278,109,278,Green
44,17,44,Green
50,17,51,Green
167,64,167,Green
314,100,316,Green
302,102,302,Green
296,104,296,Green
345,89,345,Green
296,104,296,Green
177,70,177,Green
244,78,244,Green
397,101,397,Green
20,7,20,Green
183,62,183,Green
312,109,312,Green
269,71,269,Green
38,12,38,Green
297,116,298,Green
227,79,227,Green
362,108,363,Green
387,125,387,Green
116,30,116,Green
92,34,93,Green
19,5,19,Green
256,100,256,Green
120,45,120,Green
183,72,183,Green
53,21,53,Green
145,49,145,Green
235,60,235,Green
286,101,286,Green
163,53,163,Green
258,97,258,Green
283,105,283,Green
194,75,194,Green
361,137,361,Green
22,7,22,Green
135,50,136,Green
239,74,242,Green
314,88,314,Green
342,99,342,Green
264,102,264,Green
323,114,324,Green
29,9,29,Green
102,35,102,Green
322,102,323,Green
225,61,227,Green
296,83,296,Green
260,103,260,Green
244,78,244,Green
365,131,365,Green
254,92,254,Green
116,41,116,Green
279,97,279,Green
46,12,46,Green
200,51,202,Green
67,22,67,Green
9,3,9,Green
337,120,338,Green
93,24,96,Green
136,35,137,Green
115,36,116,Green
307,113,307,Green
370,94,372,Green
272,76,272,Green
120,39,120,Green
29,8,32,Green
199,51,199,Green
256,65,256,Green
113,29,113,Green
372,111,374,Green
349,121,350,Green
167,52,167,Green
162,49,162,Green
215,57,216,Green
85,30,85,Green
375,110,376,Green
147,50,147,Green
25,7,25,Green
62,24,62,Green
220,82,220,Green
332,102,332,Green
296,107,296,Green
348,116,348,Green
186,58,186,Green
311,99,311,Green
115,34,115,Green
332,119,332,Green
126,49,126,Green
237,91,239,Green
209,75,209,Green
283,101,283,Green
103,30,103,Green
363,134,363,Green
144,56,144,Green
186,47,188,Green
327,111,327,Green
289,100,289,Green
283,113,285,Green
33,11,33,Green
259,70,259,Green
101,39,101,Green
291,91,291,Green
24,7,24,Green
152,46,152,Green
169,60,170,Green
313,120,314,Green
187,54,188,Green
147,56,148,Green
330,88,330,Green
389,108,392,Green
321,105,321,Green
362,121,362,Green
45,15,45,Green
153,45,153,Green
148,39,149,Green
393,135,394,Green
62,16,62,Green
233,70,233,Green
36,11,36,Green
186,71,186,Green
362,119,362,Green
354,93,354,Green
352,97,353,Green
52,16,55,Green
146,37,146,Green
348,88,348,Green
365,114,366,Green
192,59,192,Green
159,51,159,Green
95,31,96,Green
293,117,293,Green
185,62,185,Green
142,50,142,Green
281,76,282,Green
330,86,330,Green
223,84,224,Green
127,32,128,Green
304,94,304,Green
264,81,265,Green
169,56,171,Green
382,109,383,Green
144,37,144,Green
153,57,153,Green
305,94,305,Green
350,89,350,Green
97,27,98,Green
242,77,242,Green
136,36,136,Green
333,101,333,Green
16,5,16,Green
142,54,142,Green
135,41,135,Green
190,51,190,Green
226,59,226,Green
50,14,50,Green
3,1,3,Green
152,41,152,Green
378,118,378,Green
201,77,203,Green
303,82,304,Green
85,22,86,Green
148,53,148,Green
339,102,339,Green
39,13,39,Green
332,102,332,Green
219,81,219,Green
3,1,3,Green
142,38,142,Green
284,99,285,Green
108,28,108,Green
262,98,264,Green
181,57,181,Green
45,14,45,Green
164,43,164,Green
164,58,164,Green
323,123,323,Green
157,52,157,Green
15,5,16,Green
133,44,133,Green
113,45,113,Green
88,32,88,Green
357,106,358,Green
25,9,25,Green
170,50,170,Green
195,65,195,Green
342,124,342,Green
